timestamp,unit_id,unit_name,actual_census,pred_1hr,pred_1hr_lower,pred_1hr_upper,pred_2hr,pred_2hr_lower,pred_2hr_upper,pred_3hr,pred_3hr_lower,pred_3hr_upper,pred_4hr,pred_4hr_lower,pred_4hr_upper,pred_12hr,pred_12hr_lower,pred_12hr_upper,pred_24hr,pred_24hr_lower,pred_24hr_upper,pred_48hr,pred_48hr_lower,pred_48hr_upper,pred_72hr,pred_72hr_lower,pred_72hr_upper,capacity,over_capacity_1hr,over_capacity_2hr,over_capacity_3hr,over_capacity_4hr,over_capacity_12hr,over_capacity_24hr,over_capacity_48hr,over_capacity_72hr
2026-10-02 18:00:00,705089,Medical-Surgical 3 North,17,,,,,,,,,,,,,,,,,,,,,,,,,17,,,,,,,,
2026-10-02 19:00:00,705089,Medical-Surgical 3 North,14,,,,,,,,,,,,,,,,,,,,,,,,,17,,,,,,,,
2026-10-02 20:00:00,705089,Medical-Surgical 3 North,16,,,,,,,,,,,,,,,,,,,,,,,,,17,,,,,,,,
2026-10-02 21:00:00,705089,Medical-Surgical 3 North,14,,,,,,,,,,,,,,,,,,,,,,,,,17,,,,,,,,
2026-10-02 22:00:00,705089,Medical-Surgical 3 North,15,,,,,,,,,,,,,,,,,,,,,,,,,17,,,,,,,,
2026-10-02 23:00:00,705089,Medical-Surgical 3 North,14,,,,,,,,,,,,,,,,,,,,,,,,,17,,,,,,,,
2026-10-03 00:00:00,705089,Medical-Surgical 3 North,16,,,,,,,,,,,,,,,,,,,,,,,,,17,,,,,,,,
2026-10-03 01:00:00,705089,Medical-Surgical 3 North,16,,,,,,,,,,,,,,,,,,,,,,,,,17,,,,,,,,
2026-10-03 02:00:00,705089,Medical-Surgical 3 North,14,,,,,,,,,,,,,,,,,,,,,,,,,17,,,,,,,,
2026-10-03 03:00:00,705089,Medical-Surgical 3 North,14,,,,,,,,,,,,,,,,,,,,,,,,,17,,,,,,,,
2026-10-03 04:00:00,705089,Medical-Surgical 3 North,15,,,,,,,,,,,,,,,,,,,,,,,,,17,,,,,,,,
2026-10-03 05:00:00,705089,Medical-Surgical 3 North,17,,,,,,,,,,,,,,,,,,,,,,,,,17,,,,,,,,
2026-10-03 06:00:00,705089,Medical-Surgical 3 North,12,,,,,,,,,,,,,,,,,,,,,,,,,17,,,,,,,,
2026-10-03 07:00:00,705089,Medical-Surgical 3 North,13,,,,,,,,,,,,,,,,,,,,,,,,,17,,,,,,,,
2026-10-03 08:00:00,705089,Medical-Surgical 3 North,15,,,,,,,,,,,,,,,,,,,,,,,,,17,,,,,,,,
2026-10-03 09:00:00,705089,Medical-Surgical 3 North,15,,,,,,,,,,,,,,,,,,,,,,,,,17,,,,,,,,
2026-10-03 10:00:00,705089,Medical-Surgical 3 North,17,,,,,,,,,,,,,,,,,,,,,,,,,17,,,,,,,,
2026-10-03 11:00:00,705089,Medical-Surgical 3 North,17,,,,,,,,,,,,,,,,,,,,,,,,,17,,,,,,,,
2026-10-03 12:00:00,705089,Medical-Surgical 3 North,13,,,,,,,,,,,,,,,,,,,,,,,,,17,,,,,,,,
2026-10-03 13:00:00,705089,Medical-Surgical 3 North,16,,,,,,,,,,,,,,,,,,,,,,,,,17,,,,,,,,
2026-10-03 14:00:00,705089,Medical-Surgical 3 North,14,,,,,,,,,,,,,,,,,,,,,,,,,17,,,,,,,,
2026-10-03 15:00:00,705089,Medical-Surgical 3 North,15,,,,,,,,,,,,,,,,,,,,,,,,,17,,,,,,,,
2026-10-03 16:00:00,705089,Medical-Surgical 3 North,14,,,,,,,,,,,,,,,,,,,,,,,,,17,,,,,,,,
2026-10-03 17:00:00,705089,Medical-Surgical 3 North,16,,,,,,,,,,,,,,,,,,,,,,,,,17,,,,,,,,
2026-10-03 18:00:00,705089,Medical-Surgical 3 North,13,,,,,,,,,,,,,,,,,,,,,,,,,17,,,,,,,,
2026-10-03 19:00:00,705089,Medical-Surgical 3 North,14,,,,,,,,,,,,,,,,,,,,,,,,,17,,,,,,,,
2026-10-03 20:00:00,705089,Medical-Surgical 3 North,15,,,,,,,,,,,,,,,,,,,,,,,,,17,,,,,,,,
2026-10-03 21:00:00,705089,Medical-Surgical 3 North,16,,,,,,,,,,,,,,,,,,,,,,,,,17,,,,,,,,
2026-10-03 22:00:00,705089,Medical-Surgical 3 North,15,,,,,,,,,,,,,,,,,,,,,,,,,17,,,,,,,,
2026-10-03 23:00:00,705089,Medical-Surgical 3 North,15,,,,,,,,,,,,,,,,,,,,,,,,,17,,,,,,,,
2026-10-04 00:00:00,705089,Medical-Surgical 3 North,16,,,,,,,,,,,,,,,,,,,,,,,,,17,,,,,,,,
2026-10-04 01:00:00,705089,Medical-Surgical 3 North,14,,,,,,,,,,,,,,,,,,,,,,,,,17,,,,,,,,
2026-10-04 02:00:00,705089,Medical-Surgical 3 North,14,,,,,,,,,,,,,,,,,,,,,,,,,17,,,,,,,,
2026-10-04 03:00:00,705089,Medical-Surgical 3 North,16,,,,,,,,,,,,,,,,,,,,,,,,,17,,,,,,,,
2026-10-04 04:00:00,705089,Medical-Surgical 3 North,13,,,,,,,,,,,,,,,,,,,,,,,,,17,,,,,,,,
2026-10-04 05:00:00,705089,Medical-Surgical 3 North,17,,,,,,,,,,,,,,,,,,,,,,,,,17,,,,,,,,
2026-10-04 06:00:00,705089,Medical-Surgical 3 North,15,,,,,,,,,,,,,,,,,,,,,,,,,17,,,,,,,,
2026-10-04 07:00:00,705089,Medical-Surgical 3 North,15,,,,,,,,,,,,,,,,,,,,,,,,,17,,,,,,,,
2026-10-04 08:00:00,705089,Medical-Surgical 3 North,15,,,,,,,,,,,,,,,,,,,,,,,,,17,,,,,,,,
2026-10-04 09:00:00,705089,Medical-Surgical 3 North,17,,,,,,,,,,,,,,,,,,,,,,,,,17,,,,,,,,
2026-10-04 10:00:00,705089,Medical-Surgical 3 North,13,,,,,,,,,,,,,,,,,,,,,,,,,17,,,,,,,,
2026-10-04 11:00:00,705089,Medical-Surgical 3 North,16,,,,,,,,,,,,,,,,,,,,,,,,,17,,,,,,,,
2026-10-04 12:00:00,705089,Medical-Surgical 3 North,15,,,,,,,,,,,,,,,,,,,,,,,,,17,,,,,,,,
2026-10-04 13:00:00,705089,Medical-Surgical 3 North,16,,,,,,,,,,,,,,,,,,,,,,,,,17,,,,,,,,
2026-10-04 14:00:00,705089,Medical-Surgical 3 North,17,,,,,,,,,,,,,,,,,,,,,,,,,17,,,,,,,,
2026-10-04 15:00:00,705089,Medical-Surgical 3 North,15,,,,,,,,,,,,,,,,,,,,,,,,,17,,,,,,,,
2026-10-04 16:00:00,705089,Medical-Surgical 3 North,16,,,,,,,,,,,,,,,,,,,,,,,,,17,,,,,,,,
2026-10-04 17:00:00,705089,Medical-Surgical 3 North,14,,,,,,,,,,,,,,,,,,,,,,,,,17,,,,,,,,
2026-10-04 18:00:00,705089,Medical-Surgical 3 North,15,,,,,,,,,,,,,,,,,,,,,,,,,17,,,,,,,,
2026-10-04 19:00:00,705089,Medical-Surgical 3 North,15,,,,,,,,,,,,,,,,,,,,,,,,,17,,,,,,,,
2026-10-04 20:00:00,705089,Medical-Surgical 3 North,15,,,,,,,,,,,,,,,,,,,,,,,,,17,,,,,,,,
2026-10-04 21:00:00,705089,Medical-Surgical 3 North,14,,,,,,,,,,,,,,,,,,,,,,,,,17,,,,,,,,
2026-10-04 22:00:00,705089,Medical-Surgical 3 North,16,,,,,,,,,,,,,,,,,,,,,,,,,17,,,,,,,,
2026-10-04 23:00:00,705089,Medical-Surgical 3 North,13,,,,,,,,,,,,,,,,,,,,,,,,,17,,,,,,,,
2026-10-05 00:00:00,705089,Medical-Surgical 3 North,16,,,,,,,,,,,,,,,,,,,,,,,,,17,,,,,,,,
2026-10-05 01:00:00,705089,Medical-Surgical 3 North,16,,,,,,,,,,,,,,,,,,,,,,,,,17,,,,,,,,
2026-10-05 02:00:00,705089,Medical-Surgical 3 North,13,,,,,,,,,,,,,,,,,,,,,,,,,17,,,,,,,,
2026-10-05 03:00:00,705089,Medical-Surgical 3 North,15,,,,,,,,,,,,,,,,,,,,,,,,,17,,,,,,,,
2026-10-05 04:00:00,705089,Medical-Surgical 3 North,17,,,,,,,,,,,,,,,,,,,,,,,,,17,,,,,,,,
2026-10-05 05:00:00,705089,Medical-Surgical 3 North,13,,,,,,,,,,,,,,,,,,,,,,,,,17,,,,,,,,
2026-10-05 06:00:00,705089,Medical-Surgical 3 North,12,,,,,,,,,,,,,,,,,,,,,,,,,17,,,,,,,,
2026-10-05 07:00:00,705089,Medical-Surgical 3 North,12,,,,,,,,,,,,,,,,,,,,,,,,,17,,,,,,,,
2026-10-05 08:00:00,705089,Medical-Surgical 3 North,17,,,,,,,,,,,,,,,,,,,,,,,,,17,,,,,,,,
2026-10-05 09:00:00,705089,Medical-Surgical 3 North,14,,,,,,,,,,,,,,,,,,,,,,,,,17,,,,,,,,
2026-10-05 10:00:00,705089,Medical-Surgical 3 North,16,,,,,,,,,,,,,,,,,,,,,,,,,17,,,,,,,,
2026-10-05 11:00:00,705089,Medical-Surgical 3 North,17,,,,,,,,,,,,,,,,,,,,,,,,,17,,,,,,,,
2026-10-05 12:00:00,705089,Medical-Surgical 3 North,16,,,,,,,,,,,,,,,,,,,,,,,,,17,,,,,,,,
2026-10-05 13:00:00,705089,Medical-Surgical 3 North,16,,,,,,,,,,,,,,,,,,,,,,,,,17,,,,,,,,
2026-10-05 14:00:00,705089,Medical-Surgical 3 North,15,,,,,,,,,,,,,,,,,,,,,,,,,17,,,,,,,,
2026-10-05 15:00:00,705089,Medical-Surgical 3 North,16,,,,,,,,,,,,,,,,,,,,,,,,,17,,,,,,,,
2026-10-05 16:00:00,705089,Medical-Surgical 3 North,16,,,,,,,,,,,,,,,,,,,,,,,,,17,,,,,,,,
2026-10-05 17:00:00,705089,Medical-Surgical 3 North,17,,,,,,,,,,,,,,,,,,,,,,,,,17,,,,,,,,
2026-10-05 18:00:00,705089,Medical-Surgical 3 North,14,,,,,,,,,,,,,,,,,,,,,,,,,17,,,,,,,,
2026-10-05 19:00:00,705089,Medical-Surgical 3 North,16,,,,,,,,,,,,,,,,,,,,,,,,,17,,,,,,,,
2026-10-05 20:00:00,705089,Medical-Surgical 3 North,12,,,,,,,,,,,,,,,,,,,,,,,,,17,,,,,,,,
2026-10-05 21:00:00,705089,Medical-Surgical 3 North,17,,,,,,,,,,,,,,,,,,,,,,,,,17,,,,,,,,
2026-10-05 22:00:00,705089,Medical-Surgical 3 North,14,,,,,,,,,,,,,,,,,,,,,,,,,17,,,,,,,,
2026-10-05 23:00:00,705089,Medical-Surgical 3 North,16,,,,,,,,,,,,,,,,,,,,,,,,,17,,,,,,,,
2026-10-06 00:00:00,705089,Medical-Surgical 3 North,15,,,,,,,,,,,,,,,,,,,,,,,,,17,,,,,,,,
2026-10-06 01:00:00,705089,Medical-Surgical 3 North,17,,,,,,,,,,,,,,,,,,,,,,,,,17,,,,,,,,
2026-10-06 02:00:00,705089,Medical-Surgical 3 North,12,,,,,,,,,,,,,,,,,,,,,,,,,17,,,,,,,,
2026-10-06 03:00:00,705089,Medical-Surgical 3 North,12,,,,,,,,,,,,,,,,,,,,,,,,,17,,,,,,,,
2026-10-06 04:00:00,705089,Medical-Surgical 3 North,16,,,,,,,,,,,,,,,,,,,,,,,,,17,,,,,,,,
2026-10-06 05:00:00,705089,Medical-Surgical 3 North,12,,,,,,,,,,,,,,,,,,,,,,,,,17,,,,,,,,
2026-10-06 06:00:00,705089,Medical-Surgical 3 North,17,,,,,,,,,,,,,,,,,,,,,,,,,17,,,,,,,,
2026-10-06 07:00:00,705089,Medical-Surgical 3 North,17,,,,,,,,,,,,,,,,,,,,,,,,,17,,,,,,,,
2026-10-06 08:00:00,705089,Medical-Surgical 3 North,14,,,,,,,,,,,,,,,,,,,,,,,,,17,,,,,,,,
2026-10-06 09:00:00,705089,Medical-Surgical 3 North,16,,,,,,,,,,,,,,,,,,,,,,,,,17,,,,,,,,
2026-10-06 10:00:00,705089,Medical-Surgical 3 North,16,,,,,,,,,,,,,,,,,,,,,,,,,17,,,,,,,,
2026-10-06 11:00:00,705089,Medical-Surgical 3 North,16,,,,,,,,,,,,,,,,,,,,,,,,,17,,,,,,,,
2026-10-06 12:00:00,705089,Medical-Surgical 3 North,16,,,,,,,,,,,,,,,,,,,,,,,,,17,,,,,,,,
2026-10-06 13:00:00,705089,Medical-Surgical 3 North,16,,,,,,,,,,,,,,,,,,,,,,,,,17,,,,,,,,
2026-10-06 14:00:00,705089,Medical-Surgical 3 North,16,,,,,,,,,,,,,,,,,,,,,,,,,17,,,,,,,,
2026-10-06 15:00:00,705089,Medical-Surgical 3 North,15,,,,,,,,,,,,,,,,,,,,,,,,,17,,,,,,,,
2026-10-06 16:00:00,705089,Medical-Surgical 3 North,17,,,,,,,,,,,,,,,,,,,,,,,,,17,,,,,,,,
2026-10-06 17:00:00,705089,Medical-Surgical 3 North,15,,,,,,,,,,,,,,,,,,,,,,,,,17,,,,,,,,
2026-10-06 18:00:00,705089,Medical-Surgical 3 North,13,,,,,,,,,,,,,,,,,,,,,,,,,17,,,,,,,,
2026-10-06 19:00:00,705089,Medical-Surgical 3 North,16,,,,,,,,,,,,,,,,,,,,,,,,,17,,,,,,,,
2026-10-06 20:00:00,705089,Medical-Surgical 3 North,17,,,,,,,,,,,,,,,,,,,,,,,,,17,,,,,,,,
2026-10-06 21:00:00,705089,Medical-Surgical 3 North,15,,,,,,,,,,,,,,,,,,,,,,,,,17,,,,,,,,
2026-10-06 22:00:00,705089,Medical-Surgical 3 North,16,,,,,,,,,,,,,,,,,,,,,,,,,17,,,,,,,,
2026-10-06 23:00:00,705089,Medical-Surgical 3 North,12,,,,,,,,,,,,,,,,,,,,,,,,,17,,,,,,,,
2026-10-07 00:00:00,705089,Medical-Surgical 3 North,16,,,,,,,,,,,,,,,,,,,,,,,,,17,,,,,,,,
2026-10-07 01:00:00,705089,Medical-Surgical 3 North,14,,,,,,,,,,,,,,,,,,,,,,,,,17,,,,,,,,
2026-10-07 02:00:00,705089,Medical-Surgical 3 North,15,,,,,,,,,,,,,,,,,,,,,,,,,17,,,,,,,,
2026-10-07 03:00:00,705089,Medical-Surgical 3 North,16,,,,,,,,,,,,,,,,,,,,,,,,,17,,,,,,,,
2026-10-07 04:00:00,705089,Medical-Surgical 3 North,16,,,,,,,,,,,,,,,,,,,,,,,,,17,,,,,,,,
2026-10-07 05:00:00,705089,Medical-Surgical 3 North,15,,,,,,,,,,,,,,,,,,,,,,,,,17,,,,,,,,
2026-10-07 06:00:00,705089,Medical-Surgical 3 North,14,,,,,,,,,,,,,,,,,,,,,,,,,17,,,,,,,,
2026-10-07 07:00:00,705089,Medical-Surgical 3 North,16,,,,,,,,,,,,,,,,,,,,,,,,,17,,,,,,,,
2026-10-07 08:00:00,705089,Medical-Surgical 3 North,17,,,,,,,,,,,,,,,,,,,,,,,,,17,,,,,,,,
2026-10-07 09:00:00,705089,Medical-Surgical 3 North,14,,,,,,,,,,,,,,,,,,,,,,,,,17,,,,,,,,
2026-10-07 10:00:00,705089,Medical-Surgical 3 North,17,,,,,,,,,,,,,,,,,,,,,,,,,17,,,,,,,,
2026-10-07 11:00:00,705089,Medical-Surgical 3 North,16,,,,,,,,,,,,,,,,,,,,,,,,,17,,,,,,,,
2026-10-07 12:00:00,705089,Medical-Surgical 3 North,17,,,,,,,,,,,,,,,,,,,,,,,,,17,,,,,,,,
2026-10-07 13:00:00,705089,Medical-Surgical 3 North,13,,,,,,,,,,,,,,,,,,,,,,,,,17,,,,,,,,
2026-10-07 14:00:00,705089,Medical-Surgical 3 North,14,,,,,,,,,,,,,,,,,,,,,,,,,17,,,,,,,,
2026-10-07 15:00:00,705089,Medical-Surgical 3 North,16,,,,,,,,,,,,,,,,,,,,,,,,,17,,,,,,,,
2026-10-07 16:00:00,705089,Medical-Surgical 3 North,15,,,,,,,,,,,,,,,,,,,,,,,,,17,,,,,,,,
2026-10-07 17:00:00,705089,Medical-Surgical 3 North,12,,,,,,,,,,,,,,,,,,,,,,,,,17,,,,,,,,
2026-10-07 18:00:00,705089,Medical-Surgical 3 North,15,,,,,,,,,,,,,,,,,,,,,,,,,17,,,,,,,,
2026-10-07 19:00:00,705089,Medical-Surgical 3 North,15,,,,,,,,,,,,,,,,,,,,,,,,,17,,,,,,,,
2026-10-07 20:00:00,705089,Medical-Surgical 3 North,14,,,,,,,,,,,,,,,,,,,,,,,,,17,,,,,,,,
2026-10-07 21:00:00,705089,Medical-Surgical 3 North,14,,,,,,,,,,,,,,,,,,,,,,,,,17,,,,,,,,
2026-10-07 22:00:00,705089,Medical-Surgical 3 North,16,,,,,,,,,,,,,,,,,,,,,,,,,17,,,,,,,,
2026-10-07 23:00:00,705089,Medical-Surgical 3 North,14,,,,,,,,,,,,,,,,,,,,,,,,,17,,,,,,,,
2026-10-08 00:00:00,705089,Medical-Surgical 3 North,16,,,,,,,,,,,,,,,,,,,,,,,,,17,,,,,,,,
2026-10-08 01:00:00,705089,Medical-Surgical 3 North,16,,,,,,,,,,,,,,,,,,,,,,,,,17,,,,,,,,
2026-10-08 02:00:00,705089,Medical-Surgical 3 North,16,,,,,,,,,,,,,,,,,,,,,,,,,17,,,,,,,,
2026-10-08 03:00:00,705089,Medical-Surgical 3 North,16,,,,,,,,,,,,,,,,,,,,,,,,,17,,,,,,,,
2026-10-08 04:00:00,705089,Medical-Surgical 3 North,17,,,,,,,,,,,,,,,,,,,,,,,,,17,,,,,,,,
2026-10-08 05:00:00,705089,Medical-Surgical 3 North,14,,,,,,,,,,,,,,,,,,,,,,,,,17,,,,,,,,
2026-10-08 06:00:00,705089,Medical-Surgical 3 North,15,,,,,,,,,,,,,,,,,,,,,,,,,17,,,,,,,,
2026-10-08 07:00:00,705089,Medical-Surgical 3 North,16,,,,,,,,,,,,,,,,,,,,,,,,,17,,,,,,,,
2026-10-08 08:00:00,705089,Medical-Surgical 3 North,15,,,,,,,,,,,,,,,,,,,,,,,,,17,,,,,,,,
2026-10-08 09:00:00,705089,Medical-Surgical 3 North,14,,,,,,,,,,,,,,,,,,,,,,,,,17,,,,,,,,
2026-10-08 10:00:00,705089,Medical-Surgical 3 North,17,,,,,,,,,,,,,,,,,,,,,,,,,17,,,,,,,,
2026-10-08 11:00:00,705089,Medical-Surgical 3 North,17,,,,,,,,,,,,,,,,,,,,,,,,,17,,,,,,,,
2026-10-08 12:00:00,705089,Medical-Surgical 3 North,16,,,,,,,,,,,,,,,,,,,,,,,,,17,,,,,,,,
2026-10-08 13:00:00,705089,Medical-Surgical 3 North,17,,,,,,,,,,,,,,,,,,,,,,,,,17,,,,,,,,
2026-10-08 14:00:00,705089,Medical-Surgical 3 North,16,,,,,,,,,,,,,,,,,,,,,,,,,17,,,,,,,,
2026-10-08 15:00:00,705089,Medical-Surgical 3 North,12,,,,,,,,,,,,,,,,,,,,,,,,,17,,,,,,,,
2026-10-08 16:00:00,705089,Medical-Surgical 3 North,17,,,,,,,,,,,,,,,,,,,,,,,,,17,,,,,,,,
2026-10-08 17:00:00,705089,Medical-Surgical 3 North,16,,,,,,,,,,,,,,,,,,,,,,,,,17,,,,,,,,
2026-10-08 18:00:00,705089,Medical-Surgical 3 North,17,,,,,,,,,,,,,,,,,,,,,,,,,17,,,,,,,,
2026-10-08 19:00:00,705089,Medical-Surgical 3 North,12,,,,,,,,,,,,,,,,,,,,,,,,,17,,,,,,,,
2026-10-08 20:00:00,705089,Medical-Surgical 3 North,16,,,,,,,,,,,,,,,,,,,,,,,,,17,,,,,,,,
2026-10-08 21:00:00,705089,Medical-Surgical 3 North,12,,,,,,,,,,,,,,,,,,,,,,,,,17,,,,,,,,
2026-10-08 22:00:00,705089,Medical-Surgical 3 North,17,,,,,,,,,,,,,,,,,,,,,,,,,17,,,,,,,,
2026-10-08 23:00:00,705089,Medical-Surgical 3 North,16,,,,,,,,,,,,,,,,,,,,,,,,,17,,,,,,,,
2026-10-09 00:00:00,705089,Medical-Surgical 3 North,15,,,,,,,,,,,,,,,,,,,,,,,,,17,,,,,,,,
2026-10-09 01:00:00,705089,Medical-Surgical 3 North,14,,,,,,,,,,,,,,,,,,,,,,,,,17,,,,,,,,
2026-10-09 02:00:00,705089,Medical-Surgical 3 North,16,,,,,,,,,,,,,,,,,,,,,,,,,17,,,,,,,,
2026-10-09 03:00:00,705089,Medical-Surgical 3 North,13,,,,,,,,,,,,,,,,,,,,,,,,,17,,,,,,,,
2026-10-09 04:00:00,705089,Medical-Surgical 3 North,17,,,,,,,,,,,,,,,,,,,,,,,,,17,,,,,,,,
2026-10-09 05:00:00,705089,Medical-Surgical 3 North,15,,,,,,,,,,,,,,,,,,,,,,,,,17,,,,,,,,
2026-10-09 06:00:00,705089,Medical-Surgical 3 North,16,,,,,,,,,,,,,,,,,,,,,,,,,17,,,,,,,,
2026-10-09 07:00:00,705089,Medical-Surgical 3 North,12,,,,,,,,,,,,,,,,,,,,,,,,,17,,,,,,,,
2026-10-09 08:00:00,705089,Medical-Surgical 3 North,17,,,,,,,,,,,,,,,,,,,,,,,,,17,,,,,,,,
2026-10-09 09:00:00,705089,Medical-Surgical 3 North,15,,,,,,,,,,,,,,,,,,,,,,,,,17,,,,,,,,
2026-10-09 10:00:00,705089,Medical-Surgical 3 North,12,,,,,,,,,,,,,,,,,,,,,,,,,17,,,,,,,,
2026-10-09 11:00:00,705089,Medical-Surgical 3 North,16,,,,,,,,,,,,,,,,,,,,,,,,,17,,,,,,,,
2026-10-09 12:00:00,705089,Medical-Surgical 3 North,12,,,,,,,,,,,,,,,,,,,,,,,,,17,,,,,,,,
2026-10-09 13:00:00,705089,Medical-Surgical 3 North,17,,,,,,,,,,,,,,,,,,,,,,,,,17,,,,,,,,
2026-10-09 14:00:00,705089,Medical-Surgical 3 North,16,,,,,,,,,,,,,,,,,,,,,,,,,17,,,,,,,,
2026-10-09 15:00:00,705089,Medical-Surgical 3 North,16,,,,,,,,,,,,,,,,,,,,,,,,,17,,,,,,,,
2026-10-09 16:00:00,705089,Medical-Surgical 3 North,17,,,,,,,,,,,,,,,,,,,,,,,,,17,,,,,,,,
2026-10-09 17:00:00,705089,Medical-Surgical 3 North,16,,,,,,,,,,,,,,,,,,,,,,,,,17,,,,,,,,
2026-10-09 18:00:00,705089,Medical-Surgical 3 North,13,11.5,10.6,12.4,11.1,9.6,12.6,11.1,9.2,13.0,10.9,8.9,12.9,12.9,10.4,15.4,11.6,9.2,14.0,12.9,10.5,15.3,13.3,10.9,15.7,17,0,0,0,0,0,0,0,0
2026-10-02 18:00:00,705090,Telemetry 4 East,30,,,,,,,,,,,,,,,,,,,,,,,,,34,,,,,,,,
2026-10-02 19:00:00,705090,Telemetry 4 East,22,,,,,,,,,,,,,,,,,,,,,,,,,34,,,,,,,,
2026-10-02 20:00:00,705090,Telemetry 4 East,28,,,,,,,,,,,,,,,,,,,,,,,,,34,,,,,,,,
2026-10-02 21:00:00,705090,Telemetry 4 East,29,,,,,,,,,,,,,,,,,,,,,,,,,34,,,,,,,,
2026-10-02 22:00:00,705090,Telemetry 4 East,31,,,,,,,,,,,,,,,,,,,,,,,,,34,,,,,,,,
2026-10-02 23:00:00,705090,Telemetry 4 East,31,,,,,,,,,,,,,,,,,,,,,,,,,34,,,,,,,,
2026-10-03 00:00:00,705090,Telemetry 4 East,31,,,,,,,,,,,,,,,,,,,,,,,,,34,,,,,,,,
2026-10-03 01:00:00,705090,Telemetry 4 East,28,,,,,,,,,,,,,,,,,,,,,,,,,34,,,,,,,,
2026-10-03 02:00:00,705090,Telemetry 4 East,30,,,,,,,,,,,,,,,,,,,,,,,,,34,,,,,,,,
2026-10-03 03:00:00,705090,Telemetry 4 East,25,,,,,,,,,,,,,,,,,,,,,,,,,34,,,,,,,,
2026-10-03 04:00:00,705090,Telemetry 4 East,23,,,,,,,,,,,,,,,,,,,,,,,,,34,,,,,,,,
2026-10-03 05:00:00,705090,Telemetry 4 East,23,,,,,,,,,,,,,,,,,,,,,,,,,34,,,,,,,,
2026-10-03 06:00:00,705090,Telemetry 4 East,28,,,,,,,,,,,,,,,,,,,,,,,,,34,,,,,,,,
2026-10-03 07:00:00,705090,Telemetry 4 East,27,,,,,,,,,,,,,,,,,,,,,,,,,34,,,,,,,,
2026-10-03 08:00:00,705090,Telemetry 4 East,27,,,,,,,,,,,,,,,,,,,,,,,,,34,,,,,,,,
2026-10-03 09:00:00,705090,Telemetry 4 East,30,,,,,,,,,,,,,,,,,,,,,,,,,34,,,,,,,,
2026-10-03 10:00:00,705090,Telemetry 4 East,22,,,,,,,,,,,,,,,,,,,,,,,,,34,,,,,,,,
2026-10-03 11:00:00,705090,Telemetry 4 East,31,,,,,,,,,,,,,,,,,,,,,,,,,34,,,,,,,,
2026-10-03 12:00:00,705090,Telemetry 4 East,24,,,,,,,,,,,,,,,,,,,,,,,,,34,,,,,,,,
2026-10-03 13:00:00,705090,Telemetry 4 East,27,,,,,,,,,,,,,,,,,,,,,,,,,34,,,,,,,,
2026-10-03 14:00:00,705090,Telemetry 4 East,28,,,,,,,,,,,,,,,,,,,,,,,,,34,,,,,,,,
2026-10-03 15:00:00,705090,Telemetry 4 East,22,,,,,,,,,,,,,,,,,,,,,,,,,34,,,,,,,,
2026-10-03 16:00:00,705090,Telemetry 4 East,26,,,,,,,,,,,,,,,,,,,,,,,,,34,,,,,,,,
2026-10-03 17:00:00,705090,Telemetry 4 East,22,,,,,,,,,,,,,,,,,,,,,,,,,34,,,,,,,,
2026-10-03 18:00:00,705090,Telemetry 4 East,29,,,,,,,,,,,,,,,,,,,,,,,,,34,,,,,,,,
2026-10-03 19:00:00,705090,Telemetry 4 East,24,,,,,,,,,,,,,,,,,,,,,,,,,34,,,,,,,,
2026-10-03 20:00:00,705090,Telemetry 4 East,24,,,,,,,,,,,,,,,,,,,,,,,,,34,,,,,,,,
2026-10-03 21:00:00,705090,Telemetry 4 East,30,,,,,,,,,,,,,,,,,,,,,,,,,34,,,,,,,,
2026-10-03 22:00:00,705090,Telemetry 4 East,24,,,,,,,,,,,,,,,,,,,,,,,,,34,,,,,,,,
2026-10-03 23:00:00,705090,Telemetry 4 East,26,,,,,,,,,,,,,,,,,,,,,,,,,34,,,,,,,,
2026-10-04 00:00:00,705090,Telemetry 4 East,27,,,,,,,,,,,,,,,,,,,,,,,,,34,,,,,,,,
2026-10-04 01:00:00,705090,Telemetry 4 East,27,,,,,,,,,,,,,,,,,,,,,,,,,34,,,,,,,,
2026-10-04 02:00:00,705090,Telemetry 4 East,26,,,,,,,,,,,,,,,,,,,,,,,,,34,,,,,,,,
2026-10-04 03:00:00,705090,Telemetry 4 East,22,,,,,,,,,,,,,,,,,,,,,,,,,34,,,,,,,,
2026-10-04 04:00:00,705090,Telemetry 4 East,25,,,,,,,,,,,,,,,,,,,,,,,,,34,,,,,,,,
2026-10-04 05:00:00,705090,Telemetry 4 East,28,,,,,,,,,,,,,,,,,,,,,,,,,34,,,,,,,,
2026-10-04 06:00:00,705090,Telemetry 4 East,24,,,,,,,,,,,,,,,,,,,,,,,,,34,,,,,,,,
2026-10-04 07:00:00,705090,Telemetry 4 East,30,,,,,,,,,,,,,,,,,,,,,,,,,34,,,,,,,,
2026-10-04 08:00:00,705090,Telemetry 4 East,25,,,,,,,,,,,,,,,,,,,,,,,,,34,,,,,,,,
2026-10-04 09:00:00,705090,Telemetry 4 East,29,,,,,,,,,,,,,,,,,,,,,,,,,34,,,,,,,,
2026-10-04 10:00:00,705090,Telemetry 4 East,29,,,,,,,,,,,,,,,,,,,,,,,,,34,,,,,,,,
2026-10-04 11:00:00,705090,Telemetry 4 East,31,,,,,,,,,,,,,,,,,,,,,,,,,34,,,,,,,,
2026-10-04 12:00:00,705090,Telemetry 4 East,25,,,,,,,,,,,,,,,,,,,,,,,,,34,,,,,,,,
2026-10-04 13:00:00,705090,Telemetry 4 East,22,,,,,,,,,,,,,,,,,,,,,,,,,34,,,,,,,,
2026-10-04 14:00:00,705090,Telemetry 4 East,31,,,,,,,,,,,,,,,,,,,,,,,,,34,,,,,,,,
2026-10-04 15:00:00,705090,Telemetry 4 East,29,,,,,,,,,,,,,,,,,,,,,,,,,34,,,,,,,,
2026-10-04 16:00:00,705090,Telemetry 4 East,23,,,,,,,,,,,,,,,,,,,,,,,,,34,,,,,,,,
2026-10-04 17:00:00,705090,Telemetry 4 East,29,,,,,,,,,,,,,,,,,,,,,,,,,34,,,,,,,,
2026-10-04 18:00:00,705090,Telemetry 4 East,26,,,,,,,,,,,,,,,,,,,,,,,,,34,,,,,,,,
2026-10-04 19:00:00,705090,Telemetry 4 East,24,,,,,,,,,,,,,,,,,,,,,,,,,34,,,,,,,,
2026-10-04 20:00:00,705090,Telemetry 4 East,29,,,,,,,,,,,,,,,,,,,,,,,,,34,,,,,,,,
2026-10-04 21:00:00,705090,Telemetry 4 East,24,,,,,,,,,,,,,,,,,,,,,,,,,34,,,,,,,,
2026-10-04 22:00:00,705090,Telemetry 4 East,27,,,,,,,,,,,,,,,,,,,,,,,,,34,,,,,,,,
2026-10-04 23:00:00,705090,Telemetry 4 East,30,,,,,,,,,,,,,,,,,,,,,,,,,34,,,,,,,,
2026-10-05 00:00:00,705090,Telemetry 4 East,31,,,,,,,,,,,,,,,,,,,,,,,,,34,,,,,,,,
2026-10-05 01:00:00,705090,Telemetry 4 East,30,,,,,,,,,,,,,,,,,,,,,,,,,34,,,,,,,,
2026-10-05 02:00:00,705090,Telemetry 4 East,23,,,,,,,,,,,,,,,,,,,,,,,,,34,,,,,,,,
2026-10-05 03:00:00,705090,Telemetry 4 East,24,,,,,,,,,,,,,,,,,,,,,,,,,34,,,,,,,,
2026-10-05 04:00:00,705090,Telemetry 4 East,29,,,,,,,,,,,,,,,,,,,,,,,,,34,,,,,,,,
2026-10-05 05:00:00,705090,Telemetry 4 East,22,,,,,,,,,,,,,,,,,,,,,,,,,34,,,,,,,,
2026-10-05 06:00:00,705090,Telemetry 4 East,31,,,,,,,,,,,,,,,,,,,,,,,,,34,,,,,,,,
2026-10-05 07:00:00,705090,Telemetry 4 East,32,,,,,,,,,,,,,,,,,,,,,,,,,34,,,,,,,,
2026-10-05 08:00:00,705090,Telemetry 4 East,31,,,,,,,,,,,,,,,,,,,,,,,,,34,,,,,,,,
2026-10-05 09:00:00,705090,Telemetry 4 East,23,,,,,,,,,,,,,,,,,,,,,,,,,34,,,,,,,,
2026-10-05 10:00:00,705090,Telemetry 4 East,32,,,,,,,,,,,,,,,,,,,,,,,,,34,,,,,,,,
2026-10-05 11:00:00,705090,Telemetry 4 East,25,,,,,,,,,,,,,,,,,,,,,,,,,34,,,,,,,,
2026-10-05 12:00:00,705090,Telemetry 4 East,29,,,,,,,,,,,,,,,,,,,,,,,,,34,,,,,,,,
2026-10-05 13:00:00,705090,Telemetry 4 East,31,,,,,,,,,,,,,,,,,,,,,,,,,34,,,,,,,,
2026-10-05 14:00:00,705090,Telemetry 4 East,29,,,,,,,,,,,,,,,,,,,,,,,,,34,,,,,,,,
2026-10-05 15:00:00,705090,Telemetry 4 East,26,,,,,,,,,,,,,,,,,,,,,,,,,34,,,,,,,,
2026-10-05 16:00:00,705090,Telemetry 4 East,30,,,,,,,,,,,,,,,,,,,,,,,,,34,,,,,,,,
2026-10-05 17:00:00,705090,Telemetry 4 East,31,,,,,,,,,,,,,,,,,,,,,,,,,34,,,,,,,,
2026-10-05 18:00:00,705090,Telemetry 4 East,26,,,,,,,,,,,,,,,,,,,,,,,,,34,,,,,,,,
2026-10-05 19:00:00,705090,Telemetry 4 East,27,,,,,,,,,,,,,,,,,,,,,,,,,34,,,,,,,,
2026-10-05 20:00:00,705090,Telemetry 4 East,31,,,,,,,,,,,,,,,,,,,,,,,,,34,,,,,,,,
2026-10-05 21:00:00,705090,Telemetry 4 East,22,,,,,,,,,,,,,,,,,,,,,,,,,34,,,,,,,,
2026-10-05 22:00:00,705090,Telemetry 4 East,31,,,,,,,,,,,,,,,,,,,,,,,,,34,,,,,,,,
2026-10-05 23:00:00,705090,Telemetry 4 East,25,,,,,,,,,,,,,,,,,,,,,,,,,34,,,,,,,,
2026-10-06 00:00:00,705090,Telemetry 4 East,24,,,,,,,,,,,,,,,,,,,,,,,,,34,,,,,,,,
2026-10-06 01:00:00,705090,Telemetry 4 East,28,,,,,,,,,,,,,,,,,,,,,,,,,34,,,,,,,,
2026-10-06 02:00:00,705090,Telemetry 4 East,24,,,,,,,,,,,,,,,,,,,,,,,,,34,,,,,,,,
2026-10-06 03:00:00,705090,Telemetry 4 East,29,,,,,,,,,,,,,,,,,,,,,,,,,34,,,,,,,,
2026-10-06 04:00:00,705090,Telemetry 4 East,22,,,,,,,,,,,,,,,,,,,,,,,,,34,,,,,,,,
2026-10-06 05:00:00,705090,Telemetry 4 East,27,,,,,,,,,,,,,,,,,,,,,,,,,34,,,,,,,,
2026-10-06 06:00:00,705090,Telemetry 4 East,26,,,,,,,,,,,,,,,,,,,,,,,,,34,,,,,,,,
2026-10-06 07:00:00,705090,Telemetry 4 East,29,,,,,,,,,,,,,,,,,,,,,,,,,34,,,,,,,,
2026-10-06 08:00:00,705090,Telemetry 4 East,30,,,,,,,,,,,,,,,,,,,,,,,,,34,,,,,,,,
2026-10-06 09:00:00,705090,Telemetry 4 East,23,,,,,,,,,,,,,,,,,,,,,,,,,34,,,,,,,,
2026-10-06 10:00:00,705090,Telemetry 4 East,29,,,,,,,,,,,,,,,,,,,,,,,,,34,,,,,,,,
2026-10-06 11:00:00,705090,Telemetry 4 East,32,,,,,,,,,,,,,,,,,,,,,,,,,34,,,,,,,,
2026-10-06 12:00:00,705090,Telemetry 4 East,23,,,,,,,,,,,,,,,,,,,,,,,,,34,,,,,,,,
2026-10-06 13:00:00,705090,Telemetry 4 East,27,,,,,,,,,,,,,,,,,,,,,,,,,34,,,,,,,,
2026-10-06 14:00:00,705090,Telemetry 4 East,32,,,,,,,,,,,,,,,,,,,,,,,,,34,,,,,,,,
2026-10-06 15:00:00,705090,Telemetry 4 East,27,,,,,,,,,,,,,,,,,,,,,,,,,34,,,,,,,,
2026-10-06 16:00:00,705090,Telemetry 4 East,29,,,,,,,,,,,,,,,,,,,,,,,,,34,,,,,,,,
2026-10-06 17:00:00,705090,Telemetry 4 East,28,,,,,,,,,,,,,,,,,,,,,,,,,34,,,,,,,,
2026-10-06 18:00:00,705090,Telemetry 4 East,27,,,,,,,,,,,,,,,,,,,,,,,,,34,,,,,,,,
2026-10-06 19:00:00,705090,Telemetry 4 East,28,,,,,,,,,,,,,,,,,,,,,,,,,34,,,,,,,,
2026-10-06 20:00:00,705090,Telemetry 4 East,30,,,,,,,,,,,,,,,,,,,,,,,,,34,,,,,,,,
2026-10-06 21:00:00,705090,Telemetry 4 East,22,,,,,,,,,,,,,,,,,,,,,,,,,34,,,,,,,,
2026-10-06 22:00:00,705090,Telemetry 4 East,29,,,,,,,,,,,,,,,,,,,,,,,,,34,,,,,,,,
2026-10-06 23:00:00,705090,Telemetry 4 East,26,,,,,,,,,,,,,,,,,,,,,,,,,34,,,,,,,,
2026-10-07 00:00:00,705090,Telemetry 4 East,26,,,,,,,,,,,,,,,,,,,,,,,,,34,,,,,,,,
2026-10-07 01:00:00,705090,Telemetry 4 East,22,,,,,,,,,,,,,,,,,,,,,,,,,34,,,,,,,,
2026-10-07 02:00:00,705090,Telemetry 4 East,24,,,,,,,,,,,,,,,,,,,,,,,,,34,,,,,,,,
2026-10-07 03:00:00,705090,Telemetry 4 East,29,,,,,,,,,,,,,,,,,,,,,,,,,34,,,,,,,,
2026-10-07 04:00:00,705090,Telemetry 4 East,31,,,,,,,,,,,,,,,,,,,,,,,,,34,,,,,,,,
2026-10-07 05:00:00,705090,Telemetry 4 East,23,,,,,,,,,,,,,,,,,,,,,,,,,34,,,,,,,,
2026-10-07 06:00:00,705090,Telemetry 4 East,23,,,,,,,,,,,,,,,,,,,,,,,,,34,,,,,,,,
2026-10-07 07:00:00,705090,Telemetry 4 East,24,,,,,,,,,,,,,,,,,,,,,,,,,34,,,,,,,,
2026-10-07 08:00:00,705090,Telemetry 4 East,29,,,,,,,,,,,,,,,,,,,,,,,,,34,,,,,,,,
2026-10-07 09:00:00,705090,Telemetry 4 East,30,,,,,,,,,,,,,,,,,,,,,,,,,34,,,,,,,,
2026-10-07 10:00:00,705090,Telemetry 4 East,27,,,,,,,,,,,,,,,,,,,,,,,,,34,,,,,,,,
2026-10-07 11:00:00,705090,Telemetry 4 East,27,,,,,,,,,,,,,,,,,,,,,,,,,34,,,,,,,,
2026-10-07 12:00:00,705090,Telemetry 4 East,23,,,,,,,,,,,,,,,,,,,,,,,,,34,,,,,,,,
2026-10-07 13:00:00,705090,Telemetry 4 East,22,,,,,,,,,,,,,,,,,,,,,,,,,34,,,,,,,,
2026-10-07 14:00:00,705090,Telemetry 4 East,31,,,,,,,,,,,,,,,,,,,,,,,,,34,,,,,,,,
2026-10-07 15:00:00,705090,Telemetry 4 East,30,,,,,,,,,,,,,,,,,,,,,,,,,34,,,,,,,,
2026-10-07 16:00:00,705090,Telemetry 4 East,29,,,,,,,,,,,,,,,,,,,,,,,,,34,,,,,,,,
2026-10-07 17:00:00,705090,Telemetry 4 East,25,,,,,,,,,,,,,,,,,,,,,,,,,34,,,,,,,,
2026-10-07 18:00:00,705090,Telemetry 4 East,25,,,,,,,,,,,,,,,,,,,,,,,,,34,,,,,,,,
2026-10-07 19:00:00,705090,Telemetry 4 East,24,,,,,,,,,,,,,,,,,,,,,,,,,34,,,,,,,,
2026-10-07 20:00:00,705090,Telemetry 4 East,28,,,,,,,,,,,,,,,,,,,,,,,,,34,,,,,,,,
2026-10-07 21:00:00,705090,Telemetry 4 East,31,,,,,,,,,,,,,,,,,,,,,,,,,34,,,,,,,,
2026-10-07 22:00:00,705090,Telemetry 4 East,26,,,,,,,,,,,,,,,,,,,,,,,,,34,,,,,,,,
2026-10-07 23:00:00,705090,Telemetry 4 East,22,,,,,,,,,,,,,,,,,,,,,,,,,34,,,,,,,,
2026-10-08 00:00:00,705090,Telemetry 4 East,25,,,,,,,,,,,,,,,,,,,,,,,,,34,,,,,,,,
2026-10-08 01:00:00,705090,Telemetry 4 East,28,,,,,,,,,,,,,,,,,,,,,,,,,34,,,,,,,,
2026-10-08 02:00:00,705090,Telemetry 4 East,29,,,,,,,,,,,,,,,,,,,,,,,,,34,,,,,,,,
2026-10-08 03:00:00,705090,Telemetry 4 East,27,,,,,,,,,,,,,,,,,,,,,,,,,34,,,,,,,,
2026-10-08 04:00:00,705090,Telemetry 4 East,24,,,,,,,,,,,,,,,,,,,,,,,,,34,,,,,,,,
2026-10-08 05:00:00,705090,Telemetry 4 East,31,,,,,,,,,,,,,,,,,,,,,,,,,34,,,,,,,,
2026-10-08 06:00:00,705090,Telemetry 4 East,29,,,,,,,,,,,,,,,,,,,,,,,,,34,,,,,,,,
2026-10-08 07:00:00,705090,Telemetry 4 East,30,,,,,,,,,,,,,,,,,,,,,,,,,34,,,,,,,,
2026-10-08 08:00:00,705090,Telemetry 4 East,31,,,,,,,,,,,,,,,,,,,,,,,,,34,,,,,,,,
2026-10-08 09:00:00,705090,Telemetry 4 East,27,,,,,,,,,,,,,,,,,,,,,,,,,34,,,,,,,,
2026-10-08 10:00:00,705090,Telemetry 4 East,29,,,,,,,,,,,,,,,,,,,,,,,,,34,,,,,,,,
2026-10-08 11:00:00,705090,Telemetry 4 East,31,,,,,,,,,,,,,,,,,,,,,,,,,34,,,,,,,,
2026-10-08 12:00:00,705090,Telemetry 4 East,28,,,,,,,,,,,,,,,,,,,,,,,,,34,,,,,,,,
2026-10-08 13:00:00,705090,Telemetry 4 East,25,,,,,,,,,,,,,,,,,,,,,,,,,34,,,,,,,,
2026-10-08 14:00:00,705090,Telemetry 4 East,25,,,,,,,,,,,,,,,,,,,,,,,,,34,,,,,,,,
2026-10-08 15:00:00,705090,Telemetry 4 East,29,,,,,,,,,,,,,,,,,,,,,,,,,34,,,,,,,,
2026-10-08 16:00:00,705090,Telemetry 4 East,30,,,,,,,,,,,,,,,,,,,,,,,,,34,,,,,,,,
2026-10-08 17:00:00,705090,Telemetry 4 East,23,,,,,,,,,,,,,,,,,,,,,,,,,34,,,,,,,,
2026-10-08 18:00:00,705090,Telemetry 4 East,26,,,,,,,,,,,,,,,,,,,,,,,,,34,,,,,,,,
2026-10-08 19:00:00,705090,Telemetry 4 East,26,,,,,,,,,,,,,,,,,,,,,,,,,34,,,,,,,,
2026-10-08 20:00:00,705090,Telemetry 4 East,27,,,,,,,,,,,,,,,,,,,,,,,,,34,,,,,,,,
2026-10-08 21:00:00,705090,Telemetry 4 East,30,,,,,,,,,,,,,,,,,,,,,,,,,34,,,,,,,,
2026-10-08 22:00:00,705090,Telemetry 4 East,30,,,,,,,,,,,,,,,,,,,,,,,,,34,,,,,,,,
2026-10-08 23:00:00,705090,Telemetry 4 East,28,,,,,,,,,,,,,,,,,,,,,,,,,34,,,,,,,,
2026-10-09 00:00:00,705090,Telemetry 4 East,30,,,,,,,,,,,,,,,,,,,,,,,,,34,,,,,,,,
2026-10-09 01:00:00,705090,Telemetry 4 East,26,,,,,,,,,,,,,,,,,,,,,,,,,34,,,,,,,,
2026-10-09 02:00:00,705090,Telemetry 4 East,30,,,,,,,,,,,,,,,,,,,,,,,,,34,,,,,,,,
2026-10-09 03:00:00,705090,Telemetry 4 East,27,,,,,,,,,,,,,,,,,,,,,,,,,34,,,,,,,,
2026-10-09 04:00:00,705090,Telemetry 4 East,25,,,,,,,,,,,,,,,,,,,,,,,,,34,,,,,,,,
2026-10-09 05:00:00,705090,Telemetry 4 East,25,,,,,,,,,,,,,,,,,,,,,,,,,34,,,,,,,,
2026-10-09 06:00:00,705090,Telemetry 4 East,26,,,,,,,,,,,,,,,,,,,,,,,,,34,,,,,,,,
2026-10-09 07:00:00,705090,Telemetry 4 East,28,,,,,,,,,,,,,,,,,,,,,,,,,34,,,,,,,,
2026-10-09 08:00:00,705090,Telemetry 4 East,28,,,,,,,,,,,,,,,,,,,,,,,,,34,,,,,,,,
2026-10-09 09:00:00,705090,Telemetry 4 East,30,,,,,,,,,,,,,,,,,,,,,,,,,34,,,,,,,,
2026-10-09 10:00:00,705090,Telemetry 4 East,27,,,,,,,,,,,,,,,,,,,,,,,,,34,,,,,,,,
2026-10-09 11:00:00,705090,Telemetry 4 East,22,,,,,,,,,,,,,,,,,,,,,,,,,34,,,,,,,,
2026-10-09 12:00:00,705090,Telemetry 4 East,29,,,,,,,,,,,,,,,,,,,,,,,,,34,,,,,,,,
2026-10-09 13:00:00,705090,Telemetry 4 East,27,,,,,,,,,,,,,,,,,,,,,,,,,34,,,,,,,,
2026-10-09 14:00:00,705090,Telemetry 4 East,29,,,,,,,,,,,,,,,,,,,,,,,,,34,,,,,,,,
2026-10-09 15:00:00,705090,Telemetry 4 East,30,,,,,,,,,,,,,,,,,,,,,,,,,34,,,,,,,,
2026-10-09 16:00:00,705090,Telemetry 4 East,22,,,,,,,,,,,,,,,,,,,,,,,,,34,,,,,,,,
2026-10-09 17:00:00,705090,Telemetry 4 East,24,,,,,,,,,,,,,,,,,,,,,,,,,34,,,,,,,,
2026-10-09 18:00:00,705090,Telemetry 4 East,27,23.9,22.5,25.3,24.3,22.0,26.6,22.6,19.7,25.5,23.7,20.2,27.2,24.5,19.7,29.3,22.8,17.7,27.9,22.8,16.8,28.8,26.6,20.7,32.5,34,0,0,0,0,0,0,0,0
2026-10-02 18:00:00,705091,Cardiac Stepdown,19,,,,,,,,,,,,,,,,,,,,,,,,,20,,,,,,,,
2026-10-02 19:00:00,705091,Cardiac Stepdown,19,,,,,,,,,,,,,,,,,,,,,,,,,20,,,,,,,,
2026-10-02 20:00:00,705091,Cardiac Stepdown,20,,,,,,,,,,,,,,,,,,,,,,,,,20,,,,,,,,
2026-10-02 21:00:00,705091,Cardiac Stepdown,20,,,,,,,,,,,,,,,,,,,,,,,,,20,,,,,,,,
2026-10-02 22:00:00,705091,Cardiac Stepdown,19,,,,,,,,,,,,,,,,,,,,,,,,,20,,,,,,,,
2026-10-02 23:00:00,705091,Cardiac Stepdown,19,,,,,,,,,,,,,,,,,,,,,,,,,20,,,,,,,,
2026-10-03 00:00:00,705091,Cardiac Stepdown,19,,,,,,,,,,,,,,,,,,,,,,,,,20,,,,,,,,
2026-10-03 01:00:00,705091,Cardiac Stepdown,19,,,,,,,,,,,,,,,,,,,,,,,,,20,,,,,,,,
2026-10-03 02:00:00,705091,Cardiac Stepdown,19,,,,,,,,,,,,,,,,,,,,,,,,,20,,,,,,,,
2026-10-03 03:00:00,705091,Cardiac Stepdown,19,,,,,,,,,,,,,,,,,,,,,,,,,20,,,,,,,,
2026-10-03 04:00:00,705091,Cardiac Stepdown,17,,,,,,,,,,,,,,,,,,,,,,,,,20,,,,,,,,
2026-10-03 05:00:00,705091,Cardiac Stepdown,19,,,,,,,,,,,,,,,,,,,,,,,,,20,,,,,,,,
2026-10-03 06:00:00,705091,Cardiac Stepdown,18,,,,,,,,,,,,,,,,,,,,,,,,,20,,,,,,,,
2026-10-03 07:00:00,705091,Cardiac Stepdown,16,,,,,,,,,,,,,,,,,,,,,,,,,20,,,,,,,,
2026-10-03 08:00:00,705091,Cardiac Stepdown,19,,,,,,,,,,,,,,,,,,,,,,,,,20,,,,,,,,
2026-10-03 09:00:00,705091,Cardiac Stepdown,19,,,,,,,,,,,,,,,,,,,,,,,,,20,,,,,,,,
2026-10-03 10:00:00,705091,Cardiac Stepdown,20,,,,,,,,,,,,,,,,,,,,,,,,,20,,,,,,,,
2026-10-03 11:00:00,705091,Cardiac Stepdown,18,,,,,,,,,,,,,,,,,,,,,,,,,20,,,,,,,,
2026-10-03 12:00:00,705091,Cardiac Stepdown,19,,,,,,,,,,,,,,,,,,,,,,,,,20,,,,,,,,
2026-10-03 13:00:00,705091,Cardiac Stepdown,17,,,,,,,,,,,,,,,,,,,,,,,,,20,,,,,,,,
2026-10-03 14:00:00,705091,Cardiac Stepdown,17,,,,,,,,,,,,,,,,,,,,,,,,,20,,,,,,,,
2026-10-03 15:00:00,705091,Cardiac Stepdown,17,,,,,,,,,,,,,,,,,,,,,,,,,20,,,,,,,,
2026-10-03 16:00:00,705091,Cardiac Stepdown,17,,,,,,,,,,,,,,,,,,,,,,,,,20,,,,,,,,
2026-10-03 17:00:00,705091,Cardiac Stepdown,18,,,,,,,,,,,,,,,,,,,,,,,,,20,,,,,,,,
2026-10-03 18:00:00,705091,Cardiac Stepdown,19,,,,,,,,,,,,,,,,,,,,,,,,,20,,,,,,,,
2026-10-03 19:00:00,705091,Cardiac Stepdown,17,,,,,,,,,,,,,,,,,,,,,,,,,20,,,,,,,,
2026-10-03 20:00:00,705091,Cardiac Stepdown,19,,,,,,,,,,,,,,,,,,,,,,,,,20,,,,,,,,
2026-10-03 21:00:00,705091,Cardiac Stepdown,19,,,,,,,,,,,,,,,,,,,,,,,,,20,,,,,,,,
2026-10-03 22:00:00,705091,Cardiac Stepdown,18,,,,,,,,,,,,,,,,,,,,,,,,,20,,,,,,,,
2026-10-03 23:00:00,705091,Cardiac Stepdown,19,,,,,,,,,,,,,,,,,,,,,,,,,20,,,,,,,,
2026-10-04 00:00:00,705091,Cardiac Stepdown,17,,,,,,,,,,,,,,,,,,,,,,,,,20,,,,,,,,
2026-10-04 01:00:00,705091,Cardiac Stepdown,19,,,,,,,,,,,,,,,,,,,,,,,,,20,,,,,,,,
2026-10-04 02:00:00,705091,Cardiac Stepdown,19,,,,,,,,,,,,,,,,,,,,,,,,,20,,,,,,,,
2026-10-04 03:00:00,705091,Cardiac Stepdown,19,,,,,,,,,,,,,,,,,,,,,,,,,20,,,,,,,,
2026-10-04 04:00:00,705091,Cardiac Stepdown,16,,,,,,,,,,,,,,,,,,,,,,,,,20,,,,,,,,
2026-10-04 05:00:00,705091,Cardiac Stepdown,19,,,,,,,,,,,,,,,,,,,,,,,,,20,,,,,,,,
2026-10-04 06:00:00,705091,Cardiac Stepdown,20,,,,,,,,,,,,,,,,,,,,,,,,,20,,,,,,,,
2026-10-04 07:00:00,705091,Cardiac Stepdown,19,,,,,,,,,,,,,,,,,,,,,,,,,20,,,,,,,,
2026-10-04 08:00:00,705091,Cardiac Stepdown,16,,,,,,,,,,,,,,,,,,,,,,,,,20,,,,,,,,
2026-10-04 09:00:00,705091,Cardiac Stepdown,17,,,,,,,,,,,,,,,,,,,,,,,,,20,,,,,,,,
2026-10-04 10:00:00,705091,Cardiac Stepdown,20,,,,,,,,,,,,,,,,,,,,,,,,,20,,,,,,,,
2026-10-04 11:00:00,705091,Cardiac Stepdown,20,,,,,,,,,,,,,,,,,,,,,,,,,20,,,,,,,,
2026-10-04 12:00:00,705091,Cardiac Stepdown,18,,,,,,,,,,,,,,,,,,,,,,,,,20,,,,,,,,
2026-10-04 13:00:00,705091,Cardiac Stepdown,19,,,,,,,,,,,,,,,,,,,,,,,,,20,,,,,,,,
2026-10-04 14:00:00,705091,Cardiac Stepdown,20,,,,,,,,,,,,,,,,,,,,,,,,,20,,,,,,,,
2026-10-04 15:00:00,705091,Cardiac Stepdown,18,,,,,,,,,,,,,,,,,,,,,,,,,20,,,,,,,,
2026-10-04 16:00:00,705091,Cardiac Stepdown,20,,,,,,,,,,,,,,,,,,,,,,,,,20,,,,,,,,
2026-10-04 17:00:00,705091,Cardiac Stepdown,19,,,,,,,,,,,,,,,,,,,,,,,,,20,,,,,,,,
2026-10-04 18:00:00,705091,Cardiac Stepdown,19,,,,,,,,,,,,,,,,,,,,,,,,,20,,,,,,,,
2026-10-04 19:00:00,705091,Cardiac Stepdown,19,,,,,,,,,,,,,,,,,,,,,,,,,20,,,,,,,,
2026-10-04 20:00:00,705091,Cardiac Stepdown,19,,,,,,,,,,,,,,,,,,,,,,,,,20,,,,,,,,
2026-10-04 21:00:00,705091,Cardiac Stepdown,18,,,,,,,,,,,,,,,,,,,,,,,,,20,,,,,,,,
2026-10-04 22:00:00,705091,Cardiac Stepdown,18,,,,,,,,,,,,,,,,,,,,,,,,,20,,,,,,,,
2026-10-04 23:00:00,705091,Cardiac Stepdown,19,,,,,,,,,,,,,,,,,,,,,,,,,20,,,,,,,,
2026-10-05 00:00:00,705091,Cardiac Stepdown,20,,,,,,,,,,,,,,,,,,,,,,,,,20,,,,,,,,
2026-10-05 01:00:00,705091,Cardiac Stepdown,19,,,,,,,,,,,,,,,,,,,,,,,,,20,,,,,,,,
2026-10-05 02:00:00,705091,Cardiac Stepdown,19,,,,,,,,,,,,,,,,,,,,,,,,,20,,,,,,,,
2026-10-05 03:00:00,705091,Cardiac Stepdown,19,,,,,,,,,,,,,,,,,,,,,,,,,20,,,,,,,,
2026-10-05 04:00:00,705091,Cardiac Stepdown,17,,,,,,,,,,,,,,,,,,,,,,,,,20,,,,,,,,
2026-10-05 05:00:00,705091,Cardiac Stepdown,20,,,,,,,,,,,,,,,,,,,,,,,,,20,,,,,,,,
2026-10-05 06:00:00,705091,Cardiac Stepdown,18,,,,,,,,,,,,,,,,,,,,,,,,,20,,,,,,,,
2026-10-05 07:00:00,705091,Cardiac Stepdown,20,,,,,,,,,,,,,,,,,,,,,,,,,20,,,,,,,,
2026-10-05 08:00:00,705091,Cardiac Stepdown,20,,,,,,,,,,,,,,,,,,,,,,,,,20,,,,,,,,
2026-10-05 09:00:00,705091,Cardiac Stepdown,19,,,,,,,,,,,,,,,,,,,,,,,,,20,,,,,,,,
2026-10-05 10:00:00,705091,Cardiac Stepdown,20,,,,,,,,,,,,,,,,,,,,,,,,,20,,,,,,,,
2026-10-05 11:00:00,705091,Cardiac Stepdown,19,,,,,,,,,,,,,,,,,,,,,,,,,20,,,,,,,,
2026-10-05 12:00:00,705091,Cardiac Stepdown,19,,,,,,,,,,,,,,,,,,,,,,,,,20,,,,,,,,
2026-10-05 13:00:00,705091,Cardiac Stepdown,19,,,,,,,,,,,,,,,,,,,,,,,,,20,,,,,,,,
2026-10-05 14:00:00,705091,Cardiac Stepdown,19,,,,,,,,,,,,,,,,,,,,,,,,,20,,,,,,,,
2026-10-05 15:00:00,705091,Cardiac Stepdown,20,,,,,,,,,,,,,,,,,,,,,,,,,20,,,,,,,,
2026-10-05 16:00:00,705091,Cardiac Stepdown,19,,,,,,,,,,,,,,,,,,,,,,,,,20,,,,,,,,
2026-10-05 17:00:00,705091,Cardiac Stepdown,19,,,,,,,,,,,,,,,,,,,,,,,,,20,,,,,,,,
2026-10-05 18:00:00,705091,Cardiac Stepdown,16,,,,,,,,,,,,,,,,,,,,,,,,,20,,,,,,,,
2026-10-05 19:00:00,705091,Cardiac Stepdown,19,,,,,,,,,,,,,,,,,,,,,,,,,20,,,,,,,,
2026-10-05 20:00:00,705091,Cardiac Stepdown,19,,,,,,,,,,,,,,,,,,,,,,,,,20,,,,,,,,
2026-10-05 21:00:00,705091,Cardiac Stepdown,17,,,,,,,,,,,,,,,,,,,,,,,,,20,,,,,,,,
2026-10-05 22:00:00,705091,Cardiac Stepdown,17,,,,,,,,,,,,,,,,,,,,,,,,,20,,,,,,,,
2026-10-05 23:00:00,705091,Cardiac Stepdown,20,,,,,,,,,,,,,,,,,,,,,,,,,20,,,,,,,,
2026-10-06 00:00:00,705091,Cardiac Stepdown,16,,,,,,,,,,,,,,,,,,,,,,,,,20,,,,,,,,
2026-10-06 01:00:00,705091,Cardiac Stepdown,20,,,,,,,,,,,,,,,,,,,,,,,,,20,,,,,,,,
2026-10-06 02:00:00,705091,Cardiac Stepdown,20,,,,,,,,,,,,,,,,,,,,,,,,,20,,,,,,,,
2026-10-06 03:00:00,705091,Cardiac Stepdown,18,,,,,,,,,,,,,,,,,,,,,,,,,20,,,,,,,,
2026-10-06 04:00:00,705091,Cardiac Stepdown,19,,,,,,,,,,,,,,,,,,,,,,,,,20,,,,,,,,
2026-10-06 05:00:00,705091,Cardiac Stepdown,19,,,,,,,,,,,,,,,,,,,,,,,,,20,,,,,,,,
2026-10-06 06:00:00,705091,Cardiac Stepdown,19,,,,,,,,,,,,,,,,,,,,,,,,,20,,,,,,,,
2026-10-06 07:00:00,705091,Cardiac Stepdown,19,,,,,,,,,,,,,,,,,,,,,,,,,20,,,,,,,,
2026-10-06 08:00:00,705091,Cardiac Stepdown,20,,,,,,,,,,,,,,,,,,,,,,,,,20,,,,,,,,
2026-10-06 09:00:00,705091,Cardiac Stepdown,19,,,,,,,,,,,,,,,,,,,,,,,,,20,,,,,,,,
2026-10-06 10:00:00,705091,Cardiac Stepdown,20,,,,,,,,,,,,,,,,,,,,,,,,,20,,,,,,,,
2026-10-06 11:00:00,705091,Cardiac Stepdown,19,,,,,,,,,,,,,,,,,,,,,,,,,20,,,,,,,,
2026-10-06 12:00:00,705091,Cardiac Stepdown,17,,,,,,,,,,,,,,,,,,,,,,,,,20,,,,,,,,
2026-10-06 13:00:00,705091,Cardiac Stepdown,17,,,,,,,,,,,,,,,,,,,,,,,,,20,,,,,,,,
2026-10-06 14:00:00,705091,Cardiac Stepdown,19,,,,,,,,,,,,,,,,,,,,,,,,,20,,,,,,,,
2026-10-06 15:00:00,705091,Cardiac Stepdown,20,,,,,,,,,,,,,,,,,,,,,,,,,20,,,,,,,,
2026-10-06 16:00:00,705091,Cardiac Stepdown,20,,,,,,,,,,,,,,,,,,,,,,,,,20,,,,,,,,
2026-10-06 17:00:00,705091,Cardiac Stepdown,19,,,,,,,,,,,,,,,,,,,,,,,,,20,,,,,,,,
2026-10-06 18:00:00,705091,Cardiac Stepdown,16,,,,,,,,,,,,,,,,,,,,,,,,,20,,,,,,,,
2026-10-06 19:00:00,705091,Cardiac Stepdown,17,,,,,,,,,,,,,,,,,,,,,,,,,20,,,,,,,,
2026-10-06 20:00:00,705091,Cardiac Stepdown,20,,,,,,,,,,,,,,,,,,,,,,,,,20,,,,,,,,
2026-10-06 21:00:00,705091,Cardiac Stepdown,17,,,,,,,,,,,,,,,,,,,,,,,,,20,,,,,,,,
2026-10-06 22:00:00,705091,Cardiac Stepdown,17,,,,,,,,,,,,,,,,,,,,,,,,,20,,,,,,,,
2026-10-06 23:00:00,705091,Cardiac Stepdown,19,,,,,,,,,,,,,,,,,,,,,,,,,20,,,,,,,,
2026-10-07 00:00:00,705091,Cardiac Stepdown,18,,,,,,,,,,,,,,,,,,,,,,,,,20,,,,,,,,
2026-10-07 01:00:00,705091,Cardiac Stepdown,20,,,,,,,,,,,,,,,,,,,,,,,,,20,,,,,,,,
2026-10-07 02:00:00,705091,Cardiac Stepdown,19,,,,,,,,,,,,,,,,,,,,,,,,,20,,,,,,,,
2026-10-07 03:00:00,705091,Cardiac Stepdown,19,,,,,,,,,,,,,,,,,,,,,,,,,20,,,,,,,,
2026-10-07 04:00:00,705091,Cardiac Stepdown,19,,,,,,,,,,,,,,,,,,,,,,,,,20,,,,,,,,
2026-10-07 05:00:00,705091,Cardiac Stepdown,20,,,,,,,,,,,,,,,,,,,,,,,,,20,,,,,,,,
2026-10-07 06:00:00,705091,Cardiac Stepdown,19,,,,,,,,,,,,,,,,,,,,,,,,,20,,,,,,,,
2026-10-07 07:00:00,705091,Cardiac Stepdown,19,,,,,,,,,,,,,,,,,,,,,,,,,20,,,,,,,,
2026-10-07 08:00:00,705091,Cardiac Stepdown,18,,,,,,,,,,,,,,,,,,,,,,,,,20,,,,,,,,
2026-10-07 09:00:00,705091,Cardiac Stepdown,20,,,,,,,,,,,,,,,,,,,,,,,,,20,,,,,,,,
2026-10-07 10:00:00,705091,Cardiac Stepdown,20,,,,,,,,,,,,,,,,,,,,,,,,,20,,,,,,,,
2026-10-07 11:00:00,705091,Cardiac Stepdown,19,,,,,,,,,,,,,,,,,,,,,,,,,20,,,,,,,,
2026-10-07 12:00:00,705091,Cardiac Stepdown,19,,,,,,,,,,,,,,,,,,,,,,,,,20,,,,,,,,
2026-10-07 13:00:00,705091,Cardiac Stepdown,19,,,,,,,,,,,,,,,,,,,,,,,,,20,,,,,,,,
2026-10-07 14:00:00,705091,Cardiac Stepdown,20,,,,,,,,,,,,,,,,,,,,,,,,,20,,,,,,,,
2026-10-07 15:00:00,705091,Cardiac Stepdown,20,,,,,,,,,,,,,,,,,,,,,,,,,20,,,,,,,,
2026-10-07 16:00:00,705091,Cardiac Stepdown,19,,,,,,,,,,,,,,,,,,,,,,,,,20,,,,,,,,
2026-10-07 17:00:00,705091,Cardiac Stepdown,19,,,,,,,,,,,,,,,,,,,,,,,,,20,,,,,,,,
2026-10-07 18:00:00,705091,Cardiac Stepdown,20,,,,,,,,,,,,,,,,,,,,,,,,,20,,,,,,,,
2026-10-07 19:00:00,705091,Cardiac Stepdown,17,,,,,,,,,,,,,,,,,,,,,,,,,20,,,,,,,,
2026-10-07 20:00:00,705091,Cardiac Stepdown,18,,,,,,,,,,,,,,,,,,,,,,,,,20,,,,,,,,
2026-10-07 21:00:00,705091,Cardiac Stepdown,16,,,,,,,,,,,,,,,,,,,,,,,,,20,,,,,,,,
2026-10-07 22:00:00,705091,Cardiac Stepdown,19,,,,,,,,,,,,,,,,,,,,,,,,,20,,,,,,,,
2026-10-07 23:00:00,705091,Cardiac Stepdown,19,,,,,,,,,,,,,,,,,,,,,,,,,20,,,,,,,,
2026-10-08 00:00:00,705091,Cardiac Stepdown,20,,,,,,,,,,,,,,,,,,,,,,,,,20,,,,,,,,
2026-10-08 01:00:00,705091,Cardiac Stepdown,19,,,,,,,,,,,,,,,,,,,,,,,,,20,,,,,,,,
2026-10-08 02:00:00,705091,Cardiac Stepdown,18,,,,,,,,,,,,,,,,,,,,,,,,,20,,,,,,,,
2026-10-08 03:00:00,705091,Cardiac Stepdown,19,,,,,,,,,,,,,,,,,,,,,,,,,20,,,,,,,,
2026-10-08 04:00:00,705091,Cardiac Stepdown,17,,,,,,,,,,,,,,,,,,,,,,,,,20,,,,,,,,
2026-10-08 05:00:00,705091,Cardiac Stepdown,20,,,,,,,,,,,,,,,,,,,,,,,,,20,,,,,,,,
2026-10-08 06:00:00,705091,Cardiac Stepdown,20,,,,,,,,,,,,,,,,,,,,,,,,,20,,,,,,,,
2026-10-08 07:00:00,705091,Cardiac Stepdown,20,,,,,,,,,,,,,,,,,,,,,,,,,20,,,,,,,,
2026-10-08 08:00:00,705091,Cardiac Stepdown,19,,,,,,,,,,,,,,,,,,,,,,,,,20,,,,,,,,
2026-10-08 09:00:00,705091,Cardiac Stepdown,19,,,,,,,,,,,,,,,,,,,,,,,,,20,,,,,,,,
2026-10-08 10:00:00,705091,Cardiac Stepdown,19,,,,,,,,,,,,,,,,,,,,,,,,,20,,,,,,,,
2026-10-08 11:00:00,705091,Cardiac Stepdown,16,,,,,,,,,,,,,,,,,,,,,,,,,20,,,,,,,,
2026-10-08 12:00:00,705091,Cardiac Stepdown,20,,,,,,,,,,,,,,,,,,,,,,,,,20,,,,,,,,
2026-10-08 13:00:00,705091,Cardiac Stepdown,20,,,,,,,,,,,,,,,,,,,,,,,,,20,,,,,,,,
2026-10-08 14:00:00,705091,Cardiac Stepdown,19,,,,,,,,,,,,,,,,,,,,,,,,,20,,,,,,,,
2026-10-08 15:00:00,705091,Cardiac Stepdown,20,,,,,,,,,,,,,,,,,,,,,,,,,20,,,,,,,,
2026-10-08 16:00:00,705091,Cardiac Stepdown,18,,,,,,,,,,,,,,,,,,,,,,,,,20,,,,,,,,
2026-10-08 17:00:00,705091,Cardiac Stepdown,16,,,,,,,,,,,,,,,,,,,,,,,,,20,,,,,,,,
2026-10-08 18:00:00,705091,Cardiac Stepdown,20,,,,,,,,,,,,,,,,,,,,,,,,,20,,,,,,,,
2026-10-08 19:00:00,705091,Cardiac Stepdown,19,,,,,,,,,,,,,,,,,,,,,,,,,20,,,,,,,,
2026-10-08 20:00:00,705091,Cardiac Stepdown,19,,,,,,,,,,,,,,,,,,,,,,,,,20,,,,,,,,
2026-10-08 21:00:00,705091,Cardiac Stepdown,20,,,,,,,,,,,,,,,,,,,,,,,,,20,,,,,,,,
2026-10-08 22:00:00,705091,Cardiac Stepdown,20,,,,,,,,,,,,,,,,,,,,,,,,,20,,,,,,,,
2026-10-08 23:00:00,705091,Cardiac Stepdown,19,,,,,,,,,,,,,,,,,,,,,,,,,20,,,,,,,,
2026-10-09 00:00:00,705091,Cardiac Stepdown,20,,,,,,,,,,,,,,,,,,,,,,,,,20,,,,,,,,
2026-10-09 01:00:00,705091,Cardiac Stepdown,19,,,,,,,,,,,,,,,,,,,,,,,,,20,,,,,,,,
2026-10-09 02:00:00,705091,Cardiac Stepdown,19,,,,,,,,,,,,,,,,,,,,,,,,,20,,,,,,,,
2026-10-09 03:00:00,705091,Cardiac Stepdown,20,,,,,,,,,,,,,,,,,,,,,,,,,20,,,,,,,,
2026-10-09 04:00:00,705091,Cardiac Stepdown,18,,,,,,,,,,,,,,,,,,,,,,,,,20,,,,,,,,
2026-10-09 05:00:00,705091,Cardiac Stepdown,20,,,,,,,,,,,,,,,,,,,,,,,,,20,,,,,,,,
2026-10-09 06:00:00,705091,Cardiac Stepdown,20,,,,,,,,,,,,,,,,,,,,,,,,,20,,,,,,,,
2026-10-09 07:00:00,705091,Cardiac Stepdown,17,,,,,,,,,,,,,,,,,,,,,,,,,20,,,,,,,,
2026-10-09 08:00:00,705091,Cardiac Stepdown,18,,,,,,,,,,,,,,,,,,,,,,,,,20,,,,,,,,
2026-10-09 09:00:00,705091,Cardiac Stepdown,18,,,,,,,,,,,,,,,,,,,,,,,,,20,,,,,,,,
2026-10-09 10:00:00,705091,Cardiac Stepdown,20,,,,,,,,,,,,,,,,,,,,,,,,,20,,,,,,,,
2026-10-09 11:00:00,705091,Cardiac Stepdown,19,,,,,,,,,,,,,,,,,,,,,,,,,20,,,,,,,,
2026-10-09 12:00:00,705091,Cardiac Stepdown,16,,,,,,,,,,,,,,,,,,,,,,,,,20,,,,,,,,
2026-10-09 13:00:00,705091,Cardiac Stepdown,18,,,,,,,,,,,,,,,,,,,,,,,,,20,,,,,,,,
2026-10-09 14:00:00,705091,Cardiac Stepdown,17,,,,,,,,,,,,,,,,,,,,,,,,,20,,,,,,,,
2026-10-09 15:00:00,705091,Cardiac Stepdown,20,,,,,,,,,,,,,,,,,,,,,,,,,20,,,,,,,,
2026-10-09 16:00:00,705091,Cardiac Stepdown,18,,,,,,,,,,,,,,,,,,,,,,,,,20,,,,,,,,
2026-10-09 17:00:00,705091,Cardiac Stepdown,20,,,,,,,,,,,,,,,,,,,,,,,,,20,,,,,,,,
2026-10-09 18:00:00,705091,Cardiac Stepdown,19,16.7,15.9,17.5,16.3,14.8,17.8,16.1,14.4,17.8,16.3,14.4,18.2,17.1,15.1,19.1,15.7,13.7,17.7,15.3,13.3,17.3,16.7,14.7,18.7,20,0,0,0,0,0,0,0,0
2026-10-02 18:00:00,705092,Oncology 5 South,12,,,,,,,,,,,,,,,,,,,,,,,,,12,,,,,,,,
2026-10-02 19:00:00,705092,Oncology 5 South,11,,,,,,,,,,,,,,,,,,,,,,,,,12,,,,,,,,
2026-10-02 20:00:00,705092,Oncology 5 South,11,,,,,,,,,,,,,,,,,,,,,,,,,12,,,,,,,,
2026-10-02 21:00:00,705092,Oncology 5 South,11,,,,,,,,,,,,,,,,,,,,,,,,,12,,,,,,,,
2026-10-02 22:00:00,705092,Oncology 5 South,11,,,,,,,,,,,,,,,,,,,,,,,,,12,,,,,,,,
2026-10-02 23:00:00,705092,Oncology 5 South,11,,,,,,,,,,,,,,,,,,,,,,,,,12,,,,,,,,
2026-10-03 00:00:00,705092,Oncology 5 South,12,,,,,,,,,,,,,,,,,,,,,,,,,12,,,,,,,,
2026-10-03 01:00:00,705092,Oncology 5 South,11,,,,,,,,,,,,,,,,,,,,,,,,,12,,,,,,,,
2026-10-03 02:00:00,705092,Oncology 5 South,10,,,,,,,,,,,,,,,,,,,,,,,,,12,,,,,,,,
2026-10-03 03:00:00,705092,Oncology 5 South,10,,,,,,,,,,,,,,,,,,,,,,,,,12,,,,,,,,
2026-10-03 04:00:00,705092,Oncology 5 South,11,,,,,,,,,,,,,,,,,,,,,,,,,12,,,,,,,,
2026-10-03 05:00:00,705092,Oncology 5 South,11,,,,,,,,,,,,,,,,,,,,,,,,,12,,,,,,,,
2026-10-03 06:00:00,705092,Oncology 5 South,9,,,,,,,,,,,,,,,,,,,,,,,,,12,,,,,,,,
2026-10-03 07:00:00,705092,Oncology 5 South,11,,,,,,,,,,,,,,,,,,,,,,,,,12,,,,,,,,
2026-10-03 08:00:00,705092,Oncology 5 South,10,,,,,,,,,,,,,,,,,,,,,,,,,12,,,,,,,,
2026-10-03 09:00:00,705092,Oncology 5 South,11,,,,,,,,,,,,,,,,,,,,,,,,,12,,,,,,,,
2026-10-03 10:00:00,705092,Oncology 5 South,10,,,,,,,,,,,,,,,,,,,,,,,,,12,,,,,,,,
2026-10-03 11:00:00,705092,Oncology 5 South,10,,,,,,,,,,,,,,,,,,,,,,,,,12,,,,,,,,
2026-10-03 12:00:00,705092,Oncology 5 South,10,,,,,,,,,,,,,,,,,,,,,,,,,12,,,,,,,,
2026-10-03 13:00:00,705092,Oncology 5 South,11,,,,,,,,,,,,,,,,,,,,,,,,,12,,,,,,,,
2026-10-03 14:00:00,705092,Oncology 5 South,10,,,,,,,,,,,,,,,,,,,,,,,,,12,,,,,,,,
2026-10-03 15:00:00,705092,Oncology 5 South,11,,,,,,,,,,,,,,,,,,,,,,,,,12,,,,,,,,
2026-10-03 16:00:00,705092,Oncology 5 South,11,,,,,,,,,,,,,,,,,,,,,,,,,12,,,,,,,,
2026-10-03 17:00:00,705092,Oncology 5 South,10,,,,,,,,,,,,,,,,,,,,,,,,,12,,,,,,,,
2026-10-03 18:00:00,705092,Oncology 5 South,11,,,,,,,,,,,,,,,,,,,,,,,,,12,,,,,,,,
2026-10-03 19:00:00,705092,Oncology 5 South,10,,,,,,,,,,,,,,,,,,,,,,,,,12,,,,,,,,
2026-10-03 20:00:00,705092,Oncology 5 South,10,,,,,,,,,,,,,,,,,,,,,,,,,12,,,,,,,,
2026-10-03 21:00:00,705092,Oncology 5 South,11,,,,,,,,,,,,,,,,,,,,,,,,,12,,,,,,,,
2026-10-03 22:00:00,705092,Oncology 5 South,12,,,,,,,,,,,,,,,,,,,,,,,,,12,,,,,,,,
2026-10-03 23:00:00,705092,Oncology 5 South,11,,,,,,,,,,,,,,,,,,,,,,,,,12,,,,,,,,
2026-10-04 00:00:00,705092,Oncology 5 South,11,,,,,,,,,,,,,,,,,,,,,,,,,12,,,,,,,,
2026-10-04 01:00:00,705092,Oncology 5 South,11,,,,,,,,,,,,,,,,,,,,,,,,,12,,,,,,,,
2026-10-04 02:00:00,705092,Oncology 5 South,11,,,,,,,,,,,,,,,,,,,,,,,,,12,,,,,,,,
2026-10-04 03:00:00,705092,Oncology 5 South,11,,,,,,,,,,,,,,,,,,,,,,,,,12,,,,,,,,
2026-10-04 04:00:00,705092,Oncology 5 South,11,,,,,,,,,,,,,,,,,,,,,,,,,12,,,,,,,,
2026-10-04 05:00:00,705092,Oncology 5 South,8,,,,,,,,,,,,,,,,,,,,,,,,,12,,,,,,,,
2026-10-04 06:00:00,705092,Oncology 5 South,11,,,,,,,,,,,,,,,,,,,,,,,,,12,,,,,,,,
2026-10-04 07:00:00,705092,Oncology 5 South,11,,,,,,,,,,,,,,,,,,,,,,,,,12,,,,,,,,
2026-10-04 08:00:00,705092,Oncology 5 South,12,,,,,,,,,,,,,,,,,,,,,,,,,12,,,,,,,,
2026-10-04 09:00:00,705092,Oncology 5 South,9,,,,,,,,,,,,,,,,,,,,,,,,,12,,,,,,,,
2026-10-04 10:00:00,705092,Oncology 5 South,11,,,,,,,,,,,,,,,,,,,,,,,,,12,,,,,,,,
2026-10-04 11:00:00,705092,Oncology 5 South,11,,,,,,,,,,,,,,,,,,,,,,,,,12,,,,,,,,
2026-10-04 12:00:00,705092,Oncology 5 South,11,,,,,,,,,,,,,,,,,,,,,,,,,12,,,,,,,,
2026-10-04 13:00:00,705092,Oncology 5 South,11,,,,,,,,,,,,,,,,,,,,,,,,,12,,,,,,,,
2026-10-04 14:00:00,705092,Oncology 5 South,11,,,,,,,,,,,,,,,,,,,,,,,,,12,,,,,,,,
2026-10-04 15:00:00,705092,Oncology 5 South,12,,,,,,,,,,,,,,,,,,,,,,,,,12,,,,,,,,
2026-10-04 16:00:00,705092,Oncology 5 South,11,,,,,,,,,,,,,,,,,,,,,,,,,12,,,,,,,,
2026-10-04 17:00:00,705092,Oncology 5 South,10,,,,,,,,,,,,,,,,,,,,,,,,,12,,,,,,,,
2026-10-04 18:00:00,705092,Oncology 5 South,11,,,,,,,,,,,,,,,,,,,,,,,,,12,,,,,,,,
2026-10-04 19:00:00,705092,Oncology 5 South,12,,,,,,,,,,,,,,,,,,,,,,,,,12,,,,,,,,
2026-10-04 20:00:00,705092,Oncology 5 South,10,,,,,,,,,,,,,,,,,,,,,,,,,12,,,,,,,,
2026-10-04 21:00:00,705092,Oncology 5 South,10,,,,,,,,,,,,,,,,,,,,,,,,,12,,,,,,,,
2026-10-04 22:00:00,705092,Oncology 5 South,10,,,,,,,,,,,,,,,,,,,,,,,,,12,,,,,,,,
2026-10-04 23:00:00,705092,Oncology 5 South,12,,,,,,,,,,,,,,,,,,,,,,,,,12,,,,,,,,
2026-10-05 00:00:00,705092,Oncology 5 South,11,,,,,,,,,,,,,,,,,,,,,,,,,12,,,,,,,,
2026-10-05 01:00:00,705092,Oncology 5 South,11,,,,,,,,,,,,,,,,,,,,,,,,,12,,,,,,,,
2026-10-05 02:00:00,705092,Oncology 5 South,12,,,,,,,,,,,,,,,,,,,,,,,,,12,,,,,,,,
2026-10-05 03:00:00,705092,Oncology 5 South,12,,,,,,,,,,,,,,,,,,,,,,,,,12,,,,,,,,
2026-10-05 04:00:00,705092,Oncology 5 South,10,,,,,,,,,,,,,,,,,,,,,,,,,12,,,,,,,,
2026-10-05 05:00:00,705092,Oncology 5 South,12,,,,,,,,,,,,,,,,,,,,,,,,,12,,,,,,,,
2026-10-05 06:00:00,705092,Oncology 5 South,12,,,,,,,,,,,,,,,,,,,,,,,,,12,,,,,,,,
2026-10-05 07:00:00,705092,Oncology 5 South,8,,,,,,,,,,,,,,,,,,,,,,,,,12,,,,,,,,
2026-10-05 08:00:00,705092,Oncology 5 South,10,,,,,,,,,,,,,,,,,,,,,,,,,12,,,,,,,,
2026-10-05 09:00:00,705092,Oncology 5 South,11,,,,,,,,,,,,,,,,,,,,,,,,,12,,,,,,,,
2026-10-05 10:00:00,705092,Oncology 5 South,11,,,,,,,,,,,,,,,,,,,,,,,,,12,,,,,,,,
2026-10-05 11:00:00,705092,Oncology 5 South,11,,,,,,,,,,,,,,,,,,,,,,,,,12,,,,,,,,
2026-10-05 12:00:00,705092,Oncology 5 South,12,,,,,,,,,,,,,,,,,,,,,,,,,12,,,,,,,,
2026-10-05 13:00:00,705092,Oncology 5 South,10,,,,,,,,,,,,,,,,,,,,,,,,,12,,,,,,,,
2026-10-05 14:00:00,705092,Oncology 5 South,11,,,,,,,,,,,,,,,,,,,,,,,,,12,,,,,,,,
2026-10-05 15:00:00,705092,Oncology 5 South,11,,,,,,,,,,,,,,,,,,,,,,,,,12,,,,,,,,
2026-10-05 16:00:00,705092,Oncology 5 South,12,,,,,,,,,,,,,,,,,,,,,,,,,12,,,,,,,,
2026-10-05 17:00:00,705092,Oncology 5 South,11,,,,,,,,,,,,,,,,,,,,,,,,,12,,,,,,,,
2026-10-05 18:00:00,705092,Oncology 5 South,11,,,,,,,,,,,,,,,,,,,,,,,,,12,,,,,,,,
2026-10-05 19:00:00,705092,Oncology 5 South,11,,,,,,,,,,,,,,,,,,,,,,,,,12,,,,,,,,
2026-10-05 20:00:00,705092,Oncology 5 South,10,,,,,,,,,,,,,,,,,,,,,,,,,12,,,,,,,,
2026-10-05 21:00:00,705092,Oncology 5 South,10,,,,,,,,,,,,,,,,,,,,,,,,,12,,,,,,,,
2026-10-05 22:00:00,705092,Oncology 5 South,11,,,,,,,,,,,,,,,,,,,,,,,,,12,,,,,,,,
2026-10-05 23:00:00,705092,Oncology 5 South,11,,,,,,,,,,,,,,,,,,,,,,,,,12,,,,,,,,
2026-10-06 00:00:00,705092,Oncology 5 South,11,,,,,,,,,,,,,,,,,,,,,,,,,12,,,,,,,,
2026-10-06 01:00:00,705092,Oncology 5 South,11,,,,,,,,,,,,,,,,,,,,,,,,,12,,,,,,,,
2026-10-06 02:00:00,705092,Oncology 5 South,11,,,,,,,,,,,,,,,,,,,,,,,,,12,,,,,,,,
2026-10-06 03:00:00,705092,Oncology 5 South,8,,,,,,,,,,,,,,,,,,,,,,,,,12,,,,,,,,
2026-10-06 04:00:00,705092,Oncology 5 South,11,,,,,,,,,,,,,,,,,,,,,,,,,12,,,,,,,,
2026-10-06 05:00:00,705092,Oncology 5 South,11,,,,,,,,,,,,,,,,,,,,,,,,,12,,,,,,,,
2026-10-06 06:00:00,705092,Oncology 5 South,11,,,,,,,,,,,,,,,,,,,,,,,,,12,,,,,,,,
2026-10-06 07:00:00,705092,Oncology 5 South,9,,,,,,,,,,,,,,,,,,,,,,,,,12,,,,,,,,
2026-10-06 08:00:00,705092,Oncology 5 South,12,,,,,,,,,,,,,,,,,,,,,,,,,12,,,,,,,,
2026-10-06 09:00:00,705092,Oncology 5 South,11,,,,,,,,,,,,,,,,,,,,,,,,,12,,,,,,,,
2026-10-06 10:00:00,705092,Oncology 5 South,12,,,,,,,,,,,,,,,,,,,,,,,,,12,,,,,,,,
2026-10-06 11:00:00,705092,Oncology 5 South,11,,,,,,,,,,,,,,,,,,,,,,,,,12,,,,,,,,
2026-10-06 12:00:00,705092,Oncology 5 South,12,,,,,,,,,,,,,,,,,,,,,,,,,12,,,,,,,,
2026-10-06 13:00:00,705092,Oncology 5 South,11,,,,,,,,,,,,,,,,,,,,,,,,,12,,,,,,,,
2026-10-06 14:00:00,705092,Oncology 5 South,11,,,,,,,,,,,,,,,,,,,,,,,,,12,,,,,,,,
2026-10-06 15:00:00,705092,Oncology 5 South,12,,,,,,,,,,,,,,,,,,,,,,,,,12,,,,,,,,
2026-10-06 16:00:00,705092,Oncology 5 South,8,,,,,,,,,,,,,,,,,,,,,,,,,12,,,,,,,,
2026-10-06 17:00:00,705092,Oncology 5 South,12,,,,,,,,,,,,,,,,,,,,,,,,,12,,,,,,,,
2026-10-06 18:00:00,705092,Oncology 5 South,11,,,,,,,,,,,,,,,,,,,,,,,,,12,,,,,,,,
2026-10-06 19:00:00,705092,Oncology 5 South,12,,,,,,,,,,,,,,,,,,,,,,,,,12,,,,,,,,
2026-10-06 20:00:00,705092,Oncology 5 South,10,,,,,,,,,,,,,,,,,,,,,,,,,12,,,,,,,,
2026-10-06 21:00:00,705092,Oncology 5 South,11,,,,,,,,,,,,,,,,,,,,,,,,,12,,,,,,,,
2026-10-06 22:00:00,705092,Oncology 5 South,11,,,,,,,,,,,,,,,,,,,,,,,,,12,,,,,,,,
2026-10-06 23:00:00,705092,Oncology 5 South,12,,,,,,,,,,,,,,,,,,,,,,,,,12,,,,,,,,
2026-10-07 00:00:00,705092,Oncology 5 South,11,,,,,,,,,,,,,,,,,,,,,,,,,12,,,,,,,,
2026-10-07 01:00:00,705092,Oncology 5 South,9,,,,,,,,,,,,,,,,,,,,,,,,,12,,,,,,,,
2026-10-07 02:00:00,705092,Oncology 5 South,9,,,,,,,,,,,,,,,,,,,,,,,,,12,,,,,,,,
2026-10-07 03:00:00,705092,Oncology 5 South,11,,,,,,,,,,,,,,,,,,,,,,,,,12,,,,,,,,
2026-10-07 04:00:00,705092,Oncology 5 South,12,,,,,,,,,,,,,,,,,,,,,,,,,12,,,,,,,,
2026-10-07 05:00:00,705092,Oncology 5 South,12,,,,,,,,,,,,,,,,,,,,,,,,,12,,,,,,,,
2026-10-07 06:00:00,705092,Oncology 5 South,12,,,,,,,,,,,,,,,,,,,,,,,,,12,,,,,,,,
2026-10-07 07:00:00,705092,Oncology 5 South,9,,,,,,,,,,,,,,,,,,,,,,,,,12,,,,,,,,
2026-10-07 08:00:00,705092,Oncology 5 South,11,,,,,,,,,,,,,,,,,,,,,,,,,12,,,,,,,,
2026-10-07 09:00:00,705092,Oncology 5 South,10,,,,,,,,,,,,,,,,,,,,,,,,,12,,,,,,,,
2026-10-07 10:00:00,705092,Oncology 5 South,11,,,,,,,,,,,,,,,,,,,,,,,,,12,,,,,,,,
2026-10-07 11:00:00,705092,Oncology 5 South,12,,,,,,,,,,,,,,,,,,,,,,,,,12,,,,,,,,
2026-10-07 12:00:00,705092,Oncology 5 South,12,,,,,,,,,,,,,,,,,,,,,,,,,12,,,,,,,,
2026-10-07 13:00:00,705092,Oncology 5 South,12,,,,,,,,,,,,,,,,,,,,,,,,,12,,,,,,,,
2026-10-07 14:00:00,705092,Oncology 5 South,11,,,,,,,,,,,,,,,,,,,,,,,,,12,,,,,,,,
2026-10-07 15:00:00,705092,Oncology 5 South,11,,,,,,,,,,,,,,,,,,,,,,,,,12,,,,,,,,
2026-10-07 16:00:00,705092,Oncology 5 South,12,,,,,,,,,,,,,,,,,,,,,,,,,12,,,,,,,,
2026-10-07 17:00:00,705092,Oncology 5 South,10,,,,,,,,,,,,,,,,,,,,,,,,,12,,,,,,,,
2026-10-07 18:00:00,705092,Oncology 5 South,12,,,,,,,,,,,,,,,,,,,,,,,,,12,,,,,,,,
2026-10-07 19:00:00,705092,Oncology 5 South,11,,,,,,,,,,,,,,,,,,,,,,,,,12,,,,,,,,
2026-10-07 20:00:00,705092,Oncology 5 South,10,,,,,,,,,,,,,,,,,,,,,,,,,12,,,,,,,,
2026-10-07 21:00:00,705092,Oncology 5 South,11,,,,,,,,,,,,,,,,,,,,,,,,,12,,,,,,,,
2026-10-07 22:00:00,705092,Oncology 5 South,11,,,,,,,,,,,,,,,,,,,,,,,,,12,,,,,,,,
2026-10-07 23:00:00,705092,Oncology 5 South,11,,,,,,,,,,,,,,,,,,,,,,,,,12,,,,,,,,
2026-10-08 00:00:00,705092,Oncology 5 South,12,,,,,,,,,,,,,,,,,,,,,,,,,12,,,,,,,,
2026-10-08 01:00:00,705092,Oncology 5 South,11,,,,,,,,,,,,,,,,,,,,,,,,,12,,,,,,,,
2026-10-08 02:00:00,705092,Oncology 5 South,10,,,,,,,,,,,,,,,,,,,,,,,,,12,,,,,,,,
2026-10-08 03:00:00,705092,Oncology 5 South,8,,,,,,,,,,,,,,,,,,,,,,,,,12,,,,,,,,
2026-10-08 04:00:00,705092,Oncology 5 South,12,,,,,,,,,,,,,,,,,,,,,,,,,12,,,,,,,,
2026-10-08 05:00:00,705092,Oncology 5 South,12,,,,,,,,,,,,,,,,,,,,,,,,,12,,,,,,,,
2026-10-08 06:00:00,705092,Oncology 5 South,9,,,,,,,,,,,,,,,,,,,,,,,,,12,,,,,,,,
2026-10-08 07:00:00,705092,Oncology 5 South,11,,,,,,,,,,,,,,,,,,,,,,,,,12,,,,,,,,
2026-10-08 08:00:00,705092,Oncology 5 South,11,,,,,,,,,,,,,,,,,,,,,,,,,12,,,,,,,,
2026-10-08 09:00:00,705092,Oncology 5 South,10,,,,,,,,,,,,,,,,,,,,,,,,,12,,,,,,,,
2026-10-08 10:00:00,705092,Oncology 5 South,12,,,,,,,,,,,,,,,,,,,,,,,,,12,,,,,,,,
2026-10-08 11:00:00,705092,Oncology 5 South,11,,,,,,,,,,,,,,,,,,,,,,,,,12,,,,,,,,
2026-10-08 12:00:00,705092,Oncology 5 South,12,,,,,,,,,,,,,,,,,,,,,,,,,12,,,,,,,,
2026-10-08 13:00:00,705092,Oncology 5 South,11,,,,,,,,,,,,,,,,,,,,,,,,,12,,,,,,,,
2026-10-08 14:00:00,705092,Oncology 5 South,12,,,,,,,,,,,,,,,,,,,,,,,,,12,,,,,,,,
2026-10-08 15:00:00,705092,Oncology 5 South,11,,,,,,,,,,,,,,,,,,,,,,,,,12,,,,,,,,
2026-10-08 16:00:00,705092,Oncology 5 South,11,,,,,,,,,,,,,,,,,,,,,,,,,12,,,,,,,,
2026-10-08 17:00:00,705092,Oncology 5 South,10,,,,,,,,,,,,,,,,,,,,,,,,,12,,,,,,,,
2026-10-08 18:00:00,705092,Oncology 5 South,12,,,,,,,,,,,,,,,,,,,,,,,,,12,,,,,,,,
2026-10-08 19:00:00,705092,Oncology 5 South,11,,,,,,,,,,,,,,,,,,,,,,,,,12,,,,,,,,
2026-10-08 20:00:00,705092,Oncology 5 South,12,,,,,,,,,,,,,,,,,,,,,,,,,12,,,,,,,,
2026-10-08 21:00:00,705092,Oncology 5 South,11,,,,,,,,,,,,,,,,,,,,,,,,,12,,,,,,,,
2026-10-08 22:00:00,705092,Oncology 5 South,10,,,,,,,,,,,,,,,,,,,,,,,,,12,,,,,,,,
2026-10-08 23:00:00,705092,Oncology 5 South,11,,,,,,,,,,,,,,,,,,,,,,,,,12,,,,,,,,
2026-10-09 00:00:00,705092,Oncology 5 South,10,,,,,,,,,,,,,,,,,,,,,,,,,12,,,,,,,,
2026-10-09 01:00:00,705092,Oncology 5 South,11,,,,,,,,,,,,,,,,,,,,,,,,,12,,,,,,,,
2026-10-09 02:00:00,705092,Oncology 5 South,9,,,,,,,,,,,,,,,,,,,,,,,,,12,,,,,,,,
2026-10-09 03:00:00,705092,Oncology 5 South,10,,,,,,,,,,,,,,,,,,,,,,,,,12,,,,,,,,
2026-10-09 04:00:00,705092,Oncology 5 South,11,,,,,,,,,,,,,,,,,,,,,,,,,12,,,,,,,,
2026-10-09 05:00:00,705092,Oncology 5 South,11,,,,,,,,,,,,,,,,,,,,,,,,,12,,,,,,,,
2026-10-09 06:00:00,705092,Oncology 5 South,8,,,,,,,,,,,,,,,,,,,,,,,,,12,,,,,,,,
2026-10-09 07:00:00,705092,Oncology 5 South,11,,,,,,,,,,,,,,,,,,,,,,,,,12,,,,,,,,
2026-10-09 08:00:00,705092,Oncology 5 South,11,,,,,,,,,,,,,,,,,,,,,,,,,12,,,,,,,,
2026-10-09 09:00:00,705092,Oncology 5 South,12,,,,,,,,,,,,,,,,,,,,,,,,,12,,,,,,,,
2026-10-09 10:00:00,705092,Oncology 5 South,12,,,,,,,,,,,,,,,,,,,,,,,,,12,,,,,,,,
2026-10-09 11:00:00,705092,Oncology 5 South,10,,,,,,,,,,,,,,,,,,,,,,,,,12,,,,,,,,
2026-10-09 12:00:00,705092,Oncology 5 South,11,,,,,,,,,,,,,,,,,,,,,,,,,12,,,,,,,,
2026-10-09 13:00:00,705092,Oncology 5 South,12,,,,,,,,,,,,,,,,,,,,,,,,,12,,,,,,,,
2026-10-09 14:00:00,705092,Oncology 5 South,10,,,,,,,,,,,,,,,,,,,,,,,,,12,,,,,,,,
2026-10-09 15:00:00,705092,Oncology 5 South,11,,,,,,,,,,,,,,,,,,,,,,,,,12,,,,,,,,
2026-10-09 16:00:00,705092,Oncology 5 South,12,,,,,,,,,,,,,,,,,,,,,,,,,12,,,,,,,,
2026-10-09 17:00:00,705092,Oncology 5 South,12,,,,,,,,,,,,,,,,,,,,,,,,,12,,,,,,,,
2026-10-09 18:00:00,705092,Oncology 5 South,10,8.5,7.7,9.3,8.9,7.4,10.4,8.6,6.8,10.4,8.3,6.5,10.1,9.7,7.7,11.7,9.0,7.1,10.9,9.1,7.1,11.1,9.7,8.1,11.3,12,0,0,0,0,0,0,0,0
2026-10-02 18:00:00,21334825,Surgical 2 West,13,,,,,,,,,,,,,,,,,,,,,,,,,13,,,,,,,,
2026-10-02 19:00:00,21334825,Surgical 2 West,12,,,,,,,,,,,,,,,,,,,,,,,,,13,,,,,,,,
2026-10-02 20:00:00,21334825,Surgical 2 West,12,,,,,,,,,,,,,,,,,,,,,,,,,13,,,,,,,,
2026-10-02 21:00:00,21334825,Surgical 2 West,12,,,,,,,,,,,,,,,,,,,,,,,,,13,,,,,,,,
2026-10-02 22:00:00,21334825,Surgical 2 West,12,,,,,,,,,,,,,,,,,,,,,,,,,13,,,,,,,,
2026-10-02 23:00:00,21334825,Surgical 2 West,12,,,,,,,,,,,,,,,,,,,,,,,,,13,,,,,,,,
2026-10-03 00:00:00,21334825,Surgical 2 West,12,,,,,,,,,,,,,,,,,,,,,,,,,13,,,,,,,,
2026-10-03 01:00:00,21334825,Surgical 2 West,13,,,,,,,,,,,,,,,,,,,,,,,,,13,,,,,,,,
2026-10-03 02:00:00,21334825,Surgical 2 West,10,,,,,,,,,,,,,,,,,,,,,,,,,13,,,,,,,,
2026-10-03 03:00:00,21334825,Surgical 2 West,13,,,,,,,,,,,,,,,,,,,,,,,,,13,,,,,,,,
2026-10-03 04:00:00,21334825,Surgical 2 West,12,,,,,,,,,,,,,,,,,,,,,,,,,13,,,,,,,,
2026-10-03 05:00:00,21334825,Surgical 2 West,12,,,,,,,,,,,,,,,,,,,,,,,,,13,,,,,,,,
2026-10-03 06:00:00,21334825,Surgical 2 West,12,,,,,,,,,,,,,,,,,,,,,,,,,13,,,,,,,,
2026-10-03 07:00:00,21334825,Surgical 2 West,12,,,,,,,,,,,,,,,,,,,,,,,,,13,,,,,,,,
2026-10-03 08:00:00,21334825,Surgical 2 West,13,,,,,,,,,,,,,,,,,,,,,,,,,13,,,,,,,,
2026-10-03 09:00:00,21334825,Surgical 2 West,13,,,,,,,,,,,,,,,,,,,,,,,,,13,,,,,,,,
2026-10-03 10:00:00,21334825,Surgical 2 West,12,,,,,,,,,,,,,,,,,,,,,,,,,13,,,,,,,,
2026-10-03 11:00:00,21334825,Surgical 2 West,11,,,,,,,,,,,,,,,,,,,,,,,,,13,,,,,,,,
2026-10-03 12:00:00,21334825,Surgical 2 West,12,,,,,,,,,,,,,,,,,,,,,,,,,13,,,,,,,,
2026-10-03 13:00:00,21334825,Surgical 2 West,13,,,,,,,,,,,,,,,,,,,,,,,,,13,,,,,,,,
2026-10-03 14:00:00,21334825,Surgical 2 West,12,,,,,,,,,,,,,,,,,,,,,,,,,13,,,,,,,,
2026-10-03 15:00:00,21334825,Surgical 2 West,11,,,,,,,,,,,,,,,,,,,,,,,,,13,,,,,,,,
2026-10-03 16:00:00,21334825,Surgical 2 West,13,,,,,,,,,,,,,,,,,,,,,,,,,13,,,,,,,,
2026-10-03 17:00:00,21334825,Surgical 2 West,12,,,,,,,,,,,,,,,,,,,,,,,,,13,,,,,,,,
2026-10-03 18:00:00,21334825,Surgical 2 West,10,,,,,,,,,,,,,,,,,,,,,,,,,13,,,,,,,,
2026-10-03 19:00:00,21334825,Surgical 2 West,12,,,,,,,,,,,,,,,,,,,,,,,,,13,,,,,,,,
2026-10-03 20:00:00,21334825,Surgical 2 West,13,,,,,,,,,,,,,,,,,,,,,,,,,13,,,,,,,,
2026-10-03 21:00:00,21334825,Surgical 2 West,12,,,,,,,,,,,,,,,,,,,,,,,,,13,,,,,,,,
2026-10-03 22:00:00,21334825,Surgical 2 West,12,,,,,,,,,,,,,,,,,,,,,,,,,13,,,,,,,,
2026-10-03 23:00:00,21334825,Surgical 2 West,12,,,,,,,,,,,,,,,,,,,,,,,,,13,,,,,,,,
2026-10-04 00:00:00,21334825,Surgical 2 West,12,,,,,,,,,,,,,,,,,,,,,,,,,13,,,,,,,,
2026-10-04 01:00:00,21334825,Surgical 2 West,12,,,,,,,,,,,,,,,,,,,,,,,,,13,,,,,,,,
2026-10-04 02:00:00,21334825,Surgical 2 West,12,,,,,,,,,,,,,,,,,,,,,,,,,13,,,,,,,,
2026-10-04 03:00:00,21334825,Surgical 2 West,12,,,,,,,,,,,,,,,,,,,,,,,,,13,,,,,,,,
2026-10-04 04:00:00,21334825,Surgical 2 West,12,,,,,,,,,,,,,,,,,,,,,,,,,13,,,,,,,,
2026-10-04 05:00:00,21334825,Surgical 2 West,12,,,,,,,,,,,,,,,,,,,,,,,,,13,,,,,,,,
2026-10-04 06:00:00,21334825,Surgical 2 West,13,,,,,,,,,,,,,,,,,,,,,,,,,13,,,,,,,,
2026-10-04 07:00:00,21334825,Surgical 2 West,12,,,,,,,,,,,,,,,,,,,,,,,,,13,,,,,,,,
2026-10-04 08:00:00,21334825,Surgical 2 West,13,,,,,,,,,,,,,,,,,,,,,,,,,13,,,,,,,,
2026-10-04 09:00:00,21334825,Surgical 2 West,12,,,,,,,,,,,,,,,,,,,,,,,,,13,,,,,,,,
2026-10-04 10:00:00,21334825,Surgical 2 West,13,,,,,,,,,,,,,,,,,,,,,,,,,13,,,,,,,,
2026-10-04 11:00:00,21334825,Surgical 2 West,13,,,,,,,,,,,,,,,,,,,,,,,,,13,,,,,,,,
2026-10-04 12:00:00,21334825,Surgical 2 West,12,,,,,,,,,,,,,,,,,,,,,,,,,13,,,,,,,,
2026-10-04 13:00:00,21334825,Surgical 2 West,11,,,,,,,,,,,,,,,,,,,,,,,,,13,,,,,,,,
2026-10-04 14:00:00,21334825,Surgical 2 West,12,,,,,,,,,,,,,,,,,,,,,,,,,13,,,,,,,,
2026-10-04 15:00:00,21334825,Surgical 2 West,13,,,,,,,,,,,,,,,,,,,,,,,,,13,,,,,,,,
2026-10-04 16:00:00,21334825,Surgical 2 West,13,,,,,,,,,,,,,,,,,,,,,,,,,13,,,,,,,,
2026-10-04 17:00:00,21334825,Surgical 2 West,12,,,,,,,,,,,,,,,,,,,,,,,,,13,,,,,,,,
2026-10-04 18:00:00,21334825,Surgical 2 West,12,,,,,,,,,,,,,,,,,,,,,,,,,13,,,,,,,,
2026-10-04 19:00:00,21334825,Surgical 2 West,13,,,,,,,,,,,,,,,,,,,,,,,,,13,,,,,,,,
2026-10-04 20:00:00,21334825,Surgical 2 West,11,,,,,,,,,,,,,,,,,,,,,,,,,13,,,,,,,,
2026-10-04 21:00:00,21334825,Surgical 2 West,13,,,,,,,,,,,,,,,,,,,,,,,,,13,,,,,,,,
2026-10-04 22:00:00,21334825,Surgical 2 West,11,,,,,,,,,,,,,,,,,,,,,,,,,13,,,,,,,,
2026-10-04 23:00:00,21334825,Surgical 2 West,12,,,,,,,,,,,,,,,,,,,,,,,,,13,,,,,,,,
2026-10-05 00:00:00,21334825,Surgical 2 West,10,,,,,,,,,,,,,,,,,,,,,,,,,13,,,,,,,,
2026-10-05 01:00:00,21334825,Surgical 2 West,10,,,,,,,,,,,,,,,,,,,,,,,,,13,,,,,,,,
2026-10-05 02:00:00,21334825,Surgical 2 West,12,,,,,,,,,,,,,,,,,,,,,,,,,13,,,,,,,,
2026-10-05 03:00:00,21334825,Surgical 2 West,12,,,,,,,,,,,,,,,,,,,,,,,,,13,,,,,,,,
2026-10-05 04:00:00,21334825,Surgical 2 West,13,,,,,,,,,,,,,,,,,,,,,,,,,13,,,,,,,,
2026-10-05 05:00:00,21334825,Surgical 2 West,10,,,,,,,,,,,,,,,,,,,,,,,,,13,,,,,,,,
2026-10-05 06:00:00,21334825,Surgical 2 West,12,,,,,,,,,,,,,,,,,,,,,,,,,13,,,,,,,,
2026-10-05 07:00:00,21334825,Surgical 2 West,13,,,,,,,,,,,,,,,,,,,,,,,,,13,,,,,,,,
2026-10-05 08:00:00,21334825,Surgical 2 West,12,,,,,,,,,,,,,,,,,,,,,,,,,13,,,,,,,,
2026-10-05 09:00:00,21334825,Surgical 2 West,13,,,,,,,,,,,,,,,,,,,,,,,,,13,,,,,,,,
2026-10-05 10:00:00,21334825,Surgical 2 West,13,,,,,,,,,,,,,,,,,,,,,,,,,13,,,,,,,,
2026-10-05 11:00:00,21334825,Surgical 2 West,11,,,,,,,,,,,,,,,,,,,,,,,,,13,,,,,,,,
2026-10-05 12:00:00,21334825,Surgical 2 West,13,,,,,,,,,,,,,,,,,,,,,,,,,13,,,,,,,,
2026-10-05 13:00:00,21334825,Surgical 2 West,11,,,,,,,,,,,,,,,,,,,,,,,,,13,,,,,,,,
2026-10-05 14:00:00,21334825,Surgical 2 West,12,,,,,,,,,,,,,,,,,,,,,,,,,13,,,,,,,,
2026-10-05 15:00:00,21334825,Surgical 2 West,12,,,,,,,,,,,,,,,,,,,,,,,,,13,,,,,,,,
2026-10-05 16:00:00,21334825,Surgical 2 West,12,,,,,,,,,,,,,,,,,,,,,,,,,13,,,,,,,,
2026-10-05 17:00:00,21334825,Surgical 2 West,12,,,,,,,,,,,,,,,,,,,,,,,,,13,,,,,,,,
2026-10-05 18:00:00,21334825,Surgical 2 West,12,,,,,,,,,,,,,,,,,,,,,,,,,13,,,,,,,,
2026-10-05 19:00:00,21334825,Surgical 2 West,11,,,,,,,,,,,,,,,,,,,,,,,,,13,,,,,,,,
2026-10-05 20:00:00,21334825,Surgical 2 West,12,,,,,,,,,,,,,,,,,,,,,,,,,13,,,,,,,,
2026-10-05 21:00:00,21334825,Surgical 2 West,12,,,,,,,,,,,,,,,,,,,,,,,,,13,,,,,,,,
2026-10-05 22:00:00,21334825,Surgical 2 West,12,,,,,,,,,,,,,,,,,,,,,,,,,13,,,,,,,,
2026-10-05 23:00:00,21334825,Surgical 2 West,11,,,,,,,,,,,,,,,,,,,,,,,,,13,,,,,,,,
2026-10-06 00:00:00,21334825,Surgical 2 West,12,,,,,,,,,,,,,,,,,,,,,,,,,13,,,,,,,,
2026-10-06 01:00:00,21334825,Surgical 2 West,13,,,,,,,,,,,,,,,,,,,,,,,,,13,,,,,,,,
2026-10-06 02:00:00,21334825,Surgical 2 West,12,,,,,,,,,,,,,,,,,,,,,,,,,13,,,,,,,,
2026-10-06 03:00:00,21334825,Surgical 2 West,13,,,,,,,,,,,,,,,,,,,,,,,,,13,,,,,,,,
2026-10-06 04:00:00,21334825,Surgical 2 West,12,,,,,,,,,,,,,,,,,,,,,,,,,13,,,,,,,,
2026-10-06 05:00:00,21334825,Surgical 2 West,10,,,,,,,,,,,,,,,,,,,,,,,,,13,,,,,,,,
2026-10-06 06:00:00,21334825,Surgical 2 West,12,,,,,,,,,,,,,,,,,,,,,,,,,13,,,,,,,,
2026-10-06 07:00:00,21334825,Surgical 2 West,13,,,,,,,,,,,,,,,,,,,,,,,,,13,,,,,,,,
2026-10-06 08:00:00,21334825,Surgical 2 West,11,,,,,,,,,,,,,,,,,,,,,,,,,13,,,,,,,,
2026-10-06 09:00:00,21334825,Surgical 2 West,11,,,,,,,,,,,,,,,,,,,,,,,,,13,,,,,,,,
2026-10-06 10:00:00,21334825,Surgical 2 West,12,,,,,,,,,,,,,,,,,,,,,,,,,13,,,,,,,,
2026-10-06 11:00:00,21334825,Surgical 2 West,11,,,,,,,,,,,,,,,,,,,,,,,,,13,,,,,,,,
2026-10-06 12:00:00,21334825,Surgical 2 West,13,,,,,,,,,,,,,,,,,,,,,,,,,13,,,,,,,,
2026-10-06 13:00:00,21334825,Surgical 2 West,12,,,,,,,,,,,,,,,,,,,,,,,,,13,,,,,,,,
2026-10-06 14:00:00,21334825,Surgical 2 West,13,,,,,,,,,,,,,,,,,,,,,,,,,13,,,,,,,,
2026-10-06 15:00:00,21334825,Surgical 2 West,12,,,,,,,,,,,,,,,,,,,,,,,,,13,,,,,,,,
2026-10-06 16:00:00,21334825,Surgical 2 West,11,,,,,,,,,,,,,,,,,,,,,,,,,13,,,,,,,,
2026-10-06 17:00:00,21334825,Surgical 2 West,13,,,,,,,,,,,,,,,,,,,,,,,,,13,,,,,,,,
2026-10-06 18:00:00,21334825,Surgical 2 West,12,,,,,,,,,,,,,,,,,,,,,,,,,13,,,,,,,,
2026-10-06 19:00:00,21334825,Surgical 2 West,12,,,,,,,,,,,,,,,,,,,,,,,,,13,,,,,,,,
2026-10-06 20:00:00,21334825,Surgical 2 West,12,,,,,,,,,,,,,,,,,,,,,,,,,13,,,,,,,,
2026-10-06 21:00:00,21334825,Surgical 2 West,12,,,,,,,,,,,,,,,,,,,,,,,,,13,,,,,,,,
2026-10-06 22:00:00,21334825,Surgical 2 West,12,,,,,,,,,,,,,,,,,,,,,,,,,13,,,,,,,,
2026-10-06 23:00:00,21334825,Surgical 2 West,10,,,,,,,,,,,,,,,,,,,,,,,,,13,,,,,,,,
2026-10-07 00:00:00,21334825,Surgical 2 West,12,,,,,,,,,,,,,,,,,,,,,,,,,13,,,,,,,,
2026-10-07 01:00:00,21334825,Surgical 2 West,12,,,,,,,,,,,,,,,,,,,,,,,,,13,,,,,,,,
2026-10-07 02:00:00,21334825,Surgical 2 West,13,,,,,,,,,,,,,,,,,,,,,,,,,13,,,,,,,,
2026-10-07 03:00:00,21334825,Surgical 2 West,13,,,,,,,,,,,,,,,,,,,,,,,,,13,,,,,,,,
2026-10-07 04:00:00,21334825,Surgical 2 West,11,,,,,,,,,,,,,,,,,,,,,,,,,13,,,,,,,,
2026-10-07 05:00:00,21334825,Surgical 2 West,12,,,,,,,,,,,,,,,,,,,,,,,,,13,,,,,,,,
2026-10-07 06:00:00,21334825,Surgical 2 West,13,,,,,,,,,,,,,,,,,,,,,,,,,13,,,,,,,,
2026-10-07 07:00:00,21334825,Surgical 2 West,13,,,,,,,,,,,,,,,,,,,,,,,,,13,,,,,,,,
2026-10-07 08:00:00,21334825,Surgical 2 West,12,,,,,,,,,,,,,,,,,,,,,,,,,13,,,,,,,,
2026-10-07 09:00:00,21334825,Surgical 2 West,11,,,,,,,,,,,,,,,,,,,,,,,,,13,,,,,,,,
2026-10-07 10:00:00,21334825,Surgical 2 West,13,,,,,,,,,,,,,,,,,,,,,,,,,13,,,,,,,,
2026-10-07 11:00:00,21334825,Surgical 2 West,12,,,,,,,,,,,,,,,,,,,,,,,,,13,,,,,,,,
2026-10-07 12:00:00,21334825,Surgical 2 West,13,,,,,,,,,,,,,,,,,,,,,,,,,13,,,,,,,,
2026-10-07 13:00:00,21334825,Surgical 2 West,11,,,,,,,,,,,,,,,,,,,,,,,,,13,,,,,,,,
2026-10-07 14:00:00,21334825,Surgical 2 West,11,,,,,,,,,,,,,,,,,,,,,,,,,13,,,,,,,,
2026-10-07 15:00:00,21334825,Surgical 2 West,13,,,,,,,,,,,,,,,,,,,,,,,,,13,,,,,,,,
2026-10-07 16:00:00,21334825,Surgical 2 West,13,,,,,,,,,,,,,,,,,,,,,,,,,13,,,,,,,,
2026-10-07 17:00:00,21334825,Surgical 2 West,12,,,,,,,,,,,,,,,,,,,,,,,,,13,,,,,,,,
2026-10-07 18:00:00,21334825,Surgical 2 West,13,,,,,,,,,,,,,,,,,,,,,,,,,13,,,,,,,,
2026-10-07 19:00:00,21334825,Surgical 2 West,12,,,,,,,,,,,,,,,,,,,,,,,,,13,,,,,,,,
2026-10-07 20:00:00,21334825,Surgical 2 West,13,,,,,,,,,,,,,,,,,,,,,,,,,13,,,,,,,,
2026-10-07 21:00:00,21334825,Surgical 2 West,11,,,,,,,,,,,,,,,,,,,,,,,,,13,,,,,,,,
2026-10-07 22:00:00,21334825,Surgical 2 West,11,,,,,,,,,,,,,,,,,,,,,,,,,13,,,,,,,,
2026-10-07 23:00:00,21334825,Surgical 2 West,12,,,,,,,,,,,,,,,,,,,,,,,,,13,,,,,,,,
2026-10-08 00:00:00,21334825,Surgical 2 West,11,,,,,,,,,,,,,,,,,,,,,,,,,13,,,,,,,,
2026-10-08 01:00:00,21334825,Surgical 2 West,13,,,,,,,,,,,,,,,,,,,,,,,,,13,,,,,,,,
2026-10-08 02:00:00,21334825,Surgical 2 West,12,,,,,,,,,,,,,,,,,,,,,,,,,13,,,,,,,,
2026-10-08 03:00:00,21334825,Surgical 2 West,12,,,,,,,,,,,,,,,,,,,,,,,,,13,,,,,,,,
2026-10-08 04:00:00,21334825,Surgical 2 West,13,,,,,,,,,,,,,,,,,,,,,,,,,13,,,,,,,,
2026-10-08 05:00:00,21334825,Surgical 2 West,12,,,,,,,,,,,,,,,,,,,,,,,,,13,,,,,,,,
2026-10-08 06:00:00,21334825,Surgical 2 West,12,,,,,,,,,,,,,,,,,,,,,,,,,13,,,,,,,,
2026-10-08 07:00:00,21334825,Surgical 2 West,12,,,,,,,,,,,,,,,,,,,,,,,,,13,,,,,,,,
2026-10-08 08:00:00,21334825,Surgical 2 West,12,,,,,,,,,,,,,,,,,,,,,,,,,13,,,,,,,,
2026-10-08 09:00:00,21334825,Surgical 2 West,12,,,,,,,,,,,,,,,,,,,,,,,,,13,,,,,,,,
2026-10-08 10:00:00,21334825,Surgical 2 West,12,,,,,,,,,,,,,,,,,,,,,,,,,13,,,,,,,,
2026-10-08 11:00:00,21334825,Surgical 2 West,13,,,,,,,,,,,,,,,,,,,,,,,,,13,,,,,,,,
2026-10-08 12:00:00,21334825,Surgical 2 West,11,,,,,,,,,,,,,,,,,,,,,,,,,13,,,,,,,,
2026-10-08 13:00:00,21334825,Surgical 2 West,12,,,,,,,,,,,,,,,,,,,,,,,,,13,,,,,,,,
2026-10-08 14:00:00,21334825,Surgical 2 West,11,,,,,,,,,,,,,,,,,,,,,,,,,13,,,,,,,,
2026-10-08 15:00:00,21334825,Surgical 2 West,12,,,,,,,,,,,,,,,,,,,,,,,,,13,,,,,,,,
2026-10-08 16:00:00,21334825,Surgical 2 West,12,,,,,,,,,,,,,,,,,,,,,,,,,13,,,,,,,,
2026-10-08 17:00:00,21334825,Surgical 2 West,13,,,,,,,,,,,,,,,,,,,,,,,,,13,,,,,,,,
2026-10-08 18:00:00,21334825,Surgical 2 West,13,,,,,,,,,,,,,,,,,,,,,,,,,13,,,,,,,,
2026-10-08 19:00:00,21334825,Surgical 2 West,13,,,,,,,,,,,,,,,,,,,,,,,,,13,,,,,,,,
2026-10-08 20:00:00,21334825,Surgical 2 West,13,,,,,,,,,,,,,,,,,,,,,,,,,13,,,,,,,,
2026-10-08 21:00:00,21334825,Surgical 2 West,11,,,,,,,,,,,,,,,,,,,,,,,,,13,,,,,,,,
2026-10-08 22:00:00,21334825,Surgical 2 West,13,,,,,,,,,,,,,,,,,,,,,,,,,13,,,,,,,,
2026-10-08 23:00:00,21334825,Surgical 2 West,13,,,,,,,,,,,,,,,,,,,,,,,,,13,,,,,,,,
2026-10-09 00:00:00,21334825,Surgical 2 West,12,,,,,,,,,,,,,,,,,,,,,,,,,13,,,,,,,,
2026-10-09 01:00:00,21334825,Surgical 2 West,13,,,,,,,,,,,,,,,,,,,,,,,,,13,,,,,,,,
2026-10-09 02:00:00,21334825,Surgical 2 West,12,,,,,,,,,,,,,,,,,,,,,,,,,13,,,,,,,,
2026-10-09 03:00:00,21334825,Surgical 2 West,12,,,,,,,,,,,,,,,,,,,,,,,,,13,,,,,,,,
2026-10-09 04:00:00,21334825,Surgical 2 West,11,,,,,,,,,,,,,,,,,,,,,,,,,13,,,,,,,,
2026-10-09 05:00:00,21334825,Surgical 2 West,11,,,,,,,,,,,,,,,,,,,,,,,,,13,,,,,,,,
2026-10-09 06:00:00,21334825,Surgical 2 West,12,,,,,,,,,,,,,,,,,,,,,,,,,13,,,,,,,,
2026-10-09 07:00:00,21334825,Surgical 2 West,13,,,,,,,,,,,,,,,,,,,,,,,,,13,,,,,,,,
2026-10-09 08:00:00,21334825,Surgical 2 West,13,,,,,,,,,,,,,,,,,,,,,,,,,13,,,,,,,,
2026-10-09 09:00:00,21334825,Surgical 2 West,12,,,,,,,,,,,,,,,,,,,,,,,,,13,,,,,,,,
2026-10-09 10:00:00,21334825,Surgical 2 West,11,,,,,,,,,,,,,,,,,,,,,,,,,13,,,,,,,,
2026-10-09 11:00:00,21334825,Surgical 2 West,10,,,,,,,,,,,,,,,,,,,,,,,,,13,,,,,,,,
2026-10-09 12:00:00,21334825,Surgical 2 West,12,,,,,,,,,,,,,,,,,,,,,,,,,13,,,,,,,,
2026-10-09 13:00:00,21334825,Surgical 2 West,13,,,,,,,,,,,,,,,,,,,,,,,,,13,,,,,,,,
2026-10-09 14:00:00,21334825,Surgical 2 West,13,,,,,,,,,,,,,,,,,,,,,,,,,13,,,,,,,,
2026-10-09 15:00:00,21334825,Surgical 2 West,13,,,,,,,,,,,,,,,,,,,,,,,,,13,,,,,,,,
2026-10-09 16:00:00,21334825,Surgical 2 West,12,,,,,,,,,,,,,,,,,,,,,,,,,13,,,,,,,,
2026-10-09 17:00:00,21334825,Surgical 2 West,13,,,,,,,,,,,,,,,,,,,,,,,,,13,,,,,,,,
2026-10-09 18:00:00,21334825,Surgical 2 West,12,10.9,10.1,11.7,10.2,8.9,11.5,10.2,8.7,11.7,9.9,8.3,11.5,11.0,9.3,12.7,9.8,7.7,11.9,9.9,8.2,11.6,10.7,8.6,12.8,13,0,0,0,0,0,0,0,0
2026-10-02 18:00:00,21336305,Orthopedic 6 North,13,,,,,,,,,,,,,,,,,,,,,,,,,13,,,,,,,,
2026-10-02 19:00:00,21336305,Orthopedic 6 North,12,,,,,,,,,,,,,,,,,,,,,,,,,13,,,,,,,,
2026-10-02 20:00:00,21336305,Orthopedic 6 North,12,,,,,,,,,,,,,,,,,,,,,,,,,13,,,,,,,,
2026-10-02 21:00:00,21336305,Orthopedic 6 North,12,,,,,,,,,,,,,,,,,,,,,,,,,13,,,,,,,,
2026-10-02 22:00:00,21336305,Orthopedic 6 North,12,,,,,,,,,,,,,,,,,,,,,,,,,13,,,,,,,,
2026-10-02 23:00:00,21336305,Orthopedic 6 North,12,,,,,,,,,,,,,,,,,,,,,,,,,13,,,,,,,,
2026-10-03 00:00:00,21336305,Orthopedic 6 North,12,,,,,,,,,,,,,,,,,,,,,,,,,13,,,,,,,,
2026-10-03 01:00:00,21336305,Orthopedic 6 North,13,,,,,,,,,,,,,,,,,,,,,,,,,13,,,,,,,,
2026-10-03 02:00:00,21336305,Orthopedic 6 North,13,,,,,,,,,,,,,,,,,,,,,,,,,13,,,,,,,,
2026-10-03 03:00:00,21336305,Orthopedic 6 North,13,,,,,,,,,,,,,,,,,,,,,,,,,13,,,,,,,,
2026-10-03 04:00:00,21336305,Orthopedic 6 North,12,,,,,,,,,,,,,,,,,,,,,,,,,13,,,,,,,,
2026-10-03 05:00:00,21336305,Orthopedic 6 North,12,,,,,,,,,,,,,,,,,,,,,,,,,13,,,,,,,,
2026-10-03 06:00:00,21336305,Orthopedic 6 North,12,,,,,,,,,,,,,,,,,,,,,,,,,13,,,,,,,,
2026-10-03 07:00:00,21336305,Orthopedic 6 North,12,,,,,,,,,,,,,,,,,,,,,,,,,13,,,,,,,,
2026-10-03 08:00:00,21336305,Orthopedic 6 North,12,,,,,,,,,,,,,,,,,,,,,,,,,13,,,,,,,,
2026-10-03 09:00:00,21336305,Orthopedic 6 North,11,,,,,,,,,,,,,,,,,,,,,,,,,13,,,,,,,,
2026-10-03 10:00:00,21336305,Orthopedic 6 North,12,,,,,,,,,,,,,,,,,,,,,,,,,13,,,,,,,,
2026-10-03 11:00:00,21336305,Orthopedic 6 North,11,,,,,,,,,,,,,,,,,,,,,,,,,13,,,,,,,,
2026-10-03 12:00:00,21336305,Orthopedic 6 North,11,,,,,,,,,,,,,,,,,,,,,,,,,13,,,,,,,,
2026-10-03 13:00:00,21336305,Orthopedic 6 North,12,,,,,,,,,,,,,,,,,,,,,,,,,13,,,,,,,,
2026-10-03 14:00:00,21336305,Orthopedic 6 North,12,,,,,,,,,,,,,,,,,,,,,,,,,13,,,,,,,,
2026-10-03 15:00:00,21336305,Orthopedic 6 North,12,,,,,,,,,,,,,,,,,,,,,,,,,13,,,,,,,,
2026-10-03 16:00:00,21336305,Orthopedic 6 North,12,,,,,,,,,,,,,,,,,,,,,,,,,13,,,,,,,,
2026-10-03 17:00:00,21336305,Orthopedic 6 North,13,,,,,,,,,,,,,,,,,,,,,,,,,13,,,,,,,,
2026-10-03 18:00:00,21336305,Orthopedic 6 North,12,,,,,,,,,,,,,,,,,,,,,,,,,13,,,,,,,,
2026-10-03 19:00:00,21336305,Orthopedic 6 North,12,,,,,,,,,,,,,,,,,,,,,,,,,13,,,,,,,,
2026-10-03 20:00:00,21336305,Orthopedic 6 North,12,,,,,,,,,,,,,,,,,,,,,,,,,13,,,,,,,,
2026-10-03 21:00:00,21336305,Orthopedic 6 North,13,,,,,,,,,,,,,,,,,,,,,,,,,13,,,,,,,,
2026-10-03 22:00:00,21336305,Orthopedic 6 North,11,,,,,,,,,,,,,,,,,,,,,,,,,13,,,,,,,,
2026-10-03 23:00:00,21336305,Orthopedic 6 North,12,,,,,,,,,,,,,,,,,,,,,,,,,13,,,,,,,,
2026-10-04 00:00:00,21336305,Orthopedic 6 North,12,,,,,,,,,,,,,,,,,,,,,,,,,13,,,,,,,,
2026-10-04 01:00:00,21336305,Orthopedic 6 North,11,,,,,,,,,,,,,,,,,,,,,,,,,13,,,,,,,,
2026-10-04 02:00:00,21336305,Orthopedic 6 North,13,,,,,,,,,,,,,,,,,,,,,,,,,13,,,,,,,,
2026-10-04 03:00:00,21336305,Orthopedic 6 North,11,,,,,,,,,,,,,,,,,,,,,,,,,13,,,,,,,,
2026-10-04 04:00:00,21336305,Orthopedic 6 North,11,,,,,,,,,,,,,,,,,,,,,,,,,13,,,,,,,,
2026-10-04 05:00:00,21336305,Orthopedic 6 North,12,,,,,,,,,,,,,,,,,,,,,,,,,13,,,,,,,,
2026-10-04 06:00:00,21336305,Orthopedic 6 North,13,,,,,,,,,,,,,,,,,,,,,,,,,13,,,,,,,,
2026-10-04 07:00:00,21336305,Orthopedic 6 North,12,,,,,,,,,,,,,,,,,,,,,,,,,13,,,,,,,,
2026-10-04 08:00:00,21336305,Orthopedic 6 North,13,,,,,,,,,,,,,,,,,,,,,,,,,13,,,,,,,,
2026-10-04 09:00:00,21336305,Orthopedic 6 North,10,,,,,,,,,,,,,,,,,,,,,,,,,13,,,,,,,,
2026-10-04 10:00:00,21336305,Orthopedic 6 North,11,,,,,,,,,,,,,,,,,,,,,,,,,13,,,,,,,,
2026-10-04 11:00:00,21336305,Orthopedic 6 North,13,,,,,,,,,,,,,,,,,,,,,,,,,13,,,,,,,,
2026-10-04 12:00:00,21336305,Orthopedic 6 North,13,,,,,,,,,,,,,,,,,,,,,,,,,13,,,,,,,,
2026-10-04 13:00:00,21336305,Orthopedic 6 North,12,,,,,,,,,,,,,,,,,,,,,,,,,13,,,,,,,,
2026-10-04 14:00:00,21336305,Orthopedic 6 North,12,,,,,,,,,,,,,,,,,,,,,,,,,13,,,,,,,,
2026-10-04 15:00:00,21336305,Orthopedic 6 North,13,,,,,,,,,,,,,,,,,,,,,,,,,13,,,,,,,,
2026-10-04 16:00:00,21336305,Orthopedic 6 North,12,,,,,,,,,,,,,,,,,,,,,,,,,13,,,,,,,,
2026-10-04 17:00:00,21336305,Orthopedic 6 North,12,,,,,,,,,,,,,,,,,,,,,,,,,13,,,,,,,,
2026-10-04 18:00:00,21336305,Orthopedic 6 North,12,,,,,,,,,,,,,,,,,,,,,,,,,13,,,,,,,,
2026-10-04 19:00:00,21336305,Orthopedic 6 North,12,,,,,,,,,,,,,,,,,,,,,,,,,13,,,,,,,,
2026-10-04 20:00:00,21336305,Orthopedic 6 North,12,,,,,,,,,,,,,,,,,,,,,,,,,13,,,,,,,,
2026-10-04 21:00:00,21336305,Orthopedic 6 North,12,,,,,,,,,,,,,,,,,,,,,,,,,13,,,,,,,,
2026-10-04 22:00:00,21336305,Orthopedic 6 North,12,,,,,,,,,,,,,,,,,,,,,,,,,13,,,,,,,,
2026-10-04 23:00:00,21336305,Orthopedic 6 North,12,,,,,,,,,,,,,,,,,,,,,,,,,13,,,,,,,,
2026-10-05 00:00:00,21336305,Orthopedic 6 North,12,,,,,,,,,,,,,,,,,,,,,,,,,13,,,,,,,,
2026-10-05 01:00:00,21336305,Orthopedic 6 North,12,,,,,,,,,,,,,,,,,,,,,,,,,13,,,,,,,,
2026-10-05 02:00:00,21336305,Orthopedic 6 North,12,,,,,,,,,,,,,,,,,,,,,,,,,13,,,,,,,,
2026-10-05 03:00:00,21336305,Orthopedic 6 North,12,,,,,,,,,,,,,,,,,,,,,,,,,13,,,,,,,,
2026-10-05 04:00:00,21336305,Orthopedic 6 North,12,,,,,,,,,,,,,,,,,,,,,,,,,13,,,,,,,,
2026-10-05 05:00:00,21336305,Orthopedic 6 North,12,,,,,,,,,,,,,,,,,,,,,,,,,13,,,,,,,,
2026-10-05 06:00:00,21336305,Orthopedic 6 North,12,,,,,,,,,,,,,,,,,,,,,,,,,13,,,,,,,,
2026-10-05 07:00:00,21336305,Orthopedic 6 North,12,,,,,,,,,,,,,,,,,,,,,,,,,13,,,,,,,,
2026-10-05 08:00:00,21336305,Orthopedic 6 North,13,,,,,,,,,,,,,,,,,,,,,,,,,13,,,,,,,,
2026-10-05 09:00:00,21336305,Orthopedic 6 North,12,,,,,,,,,,,,,,,,,,,,,,,,,13,,,,,,,,
2026-10-05 10:00:00,21336305,Orthopedic 6 North,12,,,,,,,,,,,,,,,,,,,,,,,,,13,,,,,,,,
2026-10-05 11:00:00,21336305,Orthopedic 6 North,12,,,,,,,,,,,,,,,,,,,,,,,,,13,,,,,,,,
2026-10-05 12:00:00,21336305,Orthopedic 6 North,13,,,,,,,,,,,,,,,,,,,,,,,,,13,,,,,,,,
2026-10-05 13:00:00,21336305,Orthopedic 6 North,13,,,,,,,,,,,,,,,,,,,,,,,,,13,,,,,,,,
2026-10-05 14:00:00,21336305,Orthopedic 6 North,10,,,,,,,,,,,,,,,,,,,,,,,,,13,,,,,,,,
2026-10-05 15:00:00,21336305,Orthopedic 6 North,11,,,,,,,,,,,,,,,,,,,,,,,,,13,,,,,,,,
2026-10-05 16:00:00,21336305,Orthopedic 6 North,11,,,,,,,,,,,,,,,,,,,,,,,,,13,,,,,,,,
2026-10-05 17:00:00,21336305,Orthopedic 6 North,12,,,,,,,,,,,,,,,,,,,,,,,,,13,,,,,,,,
2026-10-05 18:00:00,21336305,Orthopedic 6 North,13,,,,,,,,,,,,,,,,,,,,,,,,,13,,,,,,,,
2026-10-05 19:00:00,21336305,Orthopedic 6 North,12,,,,,,,,,,,,,,,,,,,,,,,,,13,,,,,,,,
2026-10-05 20:00:00,21336305,Orthopedic 6 North,12,,,,,,,,,,,,,,,,,,,,,,,,,13,,,,,,,,
2026-10-05 21:00:00,21336305,Orthopedic 6 North,11,,,,,,,,,,,,,,,,,,,,,,,,,13,,,,,,,,
2026-10-05 22:00:00,21336305,Orthopedic 6 North,12,,,,,,,,,,,,,,,,,,,,,,,,,13,,,,,,,,
2026-10-05 23:00:00,21336305,Orthopedic 6 North,13,,,,,,,,,,,,,,,,,,,,,,,,,13,,,,,,,,
2026-10-06 00:00:00,21336305,Orthopedic 6 North,12,,,,,,,,,,,,,,,,,,,,,,,,,13,,,,,,,,
2026-10-06 01:00:00,21336305,Orthopedic 6 North,13,,,,,,,,,,,,,,,,,,,,,,,,,13,,,,,,,,
2026-10-06 02:00:00,21336305,Orthopedic 6 North,12,,,,,,,,,,,,,,,,,,,,,,,,,13,,,,,,,,
2026-10-06 03:00:00,21336305,Orthopedic 6 North,13,,,,,,,,,,,,,,,,,,,,,,,,,13,,,,,,,,
2026-10-06 04:00:00,21336305,Orthopedic 6 North,12,,,,,,,,,,,,,,,,,,,,,,,,,13,,,,,,,,
2026-10-06 05:00:00,21336305,Orthopedic 6 North,13,,,,,,,,,,,,,,,,,,,,,,,,,13,,,,,,,,
2026-10-06 06:00:00,21336305,Orthopedic 6 North,13,,,,,,,,,,,,,,,,,,,,,,,,,13,,,,,,,,
2026-10-06 07:00:00,21336305,Orthopedic 6 North,13,,,,,,,,,,,,,,,,,,,,,,,,,13,,,,,,,,
2026-10-06 08:00:00,21336305,Orthopedic 6 North,13,,,,,,,,,,,,,,,,,,,,,,,,,13,,,,,,,,
2026-10-06 09:00:00,21336305,Orthopedic 6 North,13,,,,,,,,,,,,,,,,,,,,,,,,,13,,,,,,,,
2026-10-06 10:00:00,21336305,Orthopedic 6 North,12,,,,,,,,,,,,,,,,,,,,,,,,,13,,,,,,,,
2026-10-06 11:00:00,21336305,Orthopedic 6 North,12,,,,,,,,,,,,,,,,,,,,,,,,,13,,,,,,,,
2026-10-06 12:00:00,21336305,Orthopedic 6 North,12,,,,,,,,,,,,,,,,,,,,,,,,,13,,,,,,,,
2026-10-06 13:00:00,21336305,Orthopedic 6 North,12,,,,,,,,,,,,,,,,,,,,,,,,,13,,,,,,,,
2026-10-06 14:00:00,21336305,Orthopedic 6 North,13,,,,,,,,,,,,,,,,,,,,,,,,,13,,,,,,,,
2026-10-06 15:00:00,21336305,Orthopedic 6 North,12,,,,,,,,,,,,,,,,,,,,,,,,,13,,,,,,,,
2026-10-06 16:00:00,21336305,Orthopedic 6 North,12,,,,,,,,,,,,,,,,,,,,,,,,,13,,,,,,,,
2026-10-06 17:00:00,21336305,Orthopedic 6 North,13,,,,,,,,,,,,,,,,,,,,,,,,,13,,,,,,,,
2026-10-06 18:00:00,21336305,Orthopedic 6 North,12,,,,,,,,,,,,,,,,,,,,,,,,,13,,,,,,,,
2026-10-06 19:00:00,21336305,Orthopedic 6 North,10,,,,,,,,,,,,,,,,,,,,,,,,,13,,,,,,,,
2026-10-06 20:00:00,21336305,Orthopedic 6 North,12,,,,,,,,,,,,,,,,,,,,,,,,,13,,,,,,,,
2026-10-06 21:00:00,21336305,Orthopedic 6 North,12,,,,,,,,,,,,,,,,,,,,,,,,,13,,,,,,,,
2026-10-06 22:00:00,21336305,Orthopedic 6 North,11,,,,,,,,,,,,,,,,,,,,,,,,,13,,,,,,,,
2026-10-06 23:00:00,21336305,Orthopedic 6 North,11,,,,,,,,,,,,,,,,,,,,,,,,,13,,,,,,,,
2026-10-07 00:00:00,21336305,Orthopedic 6 North,13,,,,,,,,,,,,,,,,,,,,,,,,,13,,,,,,,,
2026-10-07 01:00:00,21336305,Orthopedic 6 North,12,,,,,,,,,,,,,,,,,,,,,,,,,13,,,,,,,,
2026-10-07 02:00:00,21336305,Orthopedic 6 North,12,,,,,,,,,,,,,,,,,,,,,,,,,13,,,,,,,,
2026-10-07 03:00:00,21336305,Orthopedic 6 North,11,,,,,,,,,,,,,,,,,,,,,,,,,13,,,,,,,,
2026-10-07 04:00:00,21336305,Orthopedic 6 North,13,,,,,,,,,,,,,,,,,,,,,,,,,13,,,,,,,,
2026-10-07 05:00:00,21336305,Orthopedic 6 North,12,,,,,,,,,,,,,,,,,,,,,,,,,13,,,,,,,,
2026-10-07 06:00:00,21336305,Orthopedic 6 North,12,,,,,,,,,,,,,,,,,,,,,,,,,13,,,,,,,,
2026-10-07 07:00:00,21336305,Orthopedic 6 North,12,,,,,,,,,,,,,,,,,,,,,,,,,13,,,,,,,,
2026-10-07 08:00:00,21336305,Orthopedic 6 North,13,,,,,,,,,,,,,,,,,,,,,,,,,13,,,,,,,,
2026-10-07 09:00:00,21336305,Orthopedic 6 North,10,,,,,,,,,,,,,,,,,,,,,,,,,13,,,,,,,,
2026-10-07 10:00:00,21336305,Orthopedic 6 North,13,,,,,,,,,,,,,,,,,,,,,,,,,13,,,,,,,,
2026-10-07 11:00:00,21336305,Orthopedic 6 North,13,,,,,,,,,,,,,,,,,,,,,,,,,13,,,,,,,,
2026-10-07 12:00:00,21336305,Orthopedic 6 North,12,,,,,,,,,,,,,,,,,,,,,,,,,13,,,,,,,,
2026-10-07 13:00:00,21336305,Orthopedic 6 North,13,,,,,,,,,,,,,,,,,,,,,,,,,13,,,,,,,,
2026-10-07 14:00:00,21336305,Orthopedic 6 North,12,,,,,,,,,,,,,,,,,,,,,,,,,13,,,,,,,,
2026-10-07 15:00:00,21336305,Orthopedic 6 North,11,,,,,,,,,,,,,,,,,,,,,,,,,13,,,,,,,,
2026-10-07 16:00:00,21336305,Orthopedic 6 North,10,,,,,,,,,,,,,,,,,,,,,,,,,13,,,,,,,,
2026-10-07 17:00:00,21336305,Orthopedic 6 North,12,,,,,,,,,,,,,,,,,,,,,,,,,13,,,,,,,,
2026-10-07 18:00:00,21336305,Orthopedic 6 North,12,,,,,,,,,,,,,,,,,,,,,,,,,13,,,,,,,,
2026-10-07 19:00:00,21336305,Orthopedic 6 North,12,,,,,,,,,,,,,,,,,,,,,,,,,13,,,,,,,,
2026-10-07 20:00:00,21336305,Orthopedic 6 North,12,,,,,,,,,,,,,,,,,,,,,,,,,13,,,,,,,,
2026-10-07 21:00:00,21336305,Orthopedic 6 North,12,,,,,,,,,,,,,,,,,,,,,,,,,13,,,,,,,,
2026-10-07 22:00:00,21336305,Orthopedic 6 North,13,,,,,,,,,,,,,,,,,,,,,,,,,13,,,,,,,,
2026-10-07 23:00:00,21336305,Orthopedic 6 North,11,,,,,,,,,,,,,,,,,,,,,,,,,13,,,,,,,,
2026-10-08 00:00:00,21336305,Orthopedic 6 North,13,,,,,,,,,,,,,,,,,,,,,,,,,13,,,,,,,,
2026-10-08 01:00:00,21336305,Orthopedic 6 North,13,,,,,,,,,,,,,,,,,,,,,,,,,13,,,,,,,,
2026-10-08 02:00:00,21336305,Orthopedic 6 North,12,,,,,,,,,,,,,,,,,,,,,,,,,13,,,,,,,,
2026-10-08 03:00:00,21336305,Orthopedic 6 North,12,,,,,,,,,,,,,,,,,,,,,,,,,13,,,,,,,,
2026-10-08 04:00:00,21336305,Orthopedic 6 North,13,,,,,,,,,,,,,,,,,,,,,,,,,13,,,,,,,,
2026-10-08 05:00:00,21336305,Orthopedic 6 North,13,,,,,,,,,,,,,,,,,,,,,,,,,13,,,,,,,,
2026-10-08 06:00:00,21336305,Orthopedic 6 North,12,,,,,,,,,,,,,,,,,,,,,,,,,13,,,,,,,,
2026-10-08 07:00:00,21336305,Orthopedic 6 North,12,,,,,,,,,,,,,,,,,,,,,,,,,13,,,,,,,,
2026-10-08 08:00:00,21336305,Orthopedic 6 North,12,,,,,,,,,,,,,,,,,,,,,,,,,13,,,,,,,,
2026-10-08 09:00:00,21336305,Orthopedic 6 North,12,,,,,,,,,,,,,,,,,,,,,,,,,13,,,,,,,,
2026-10-08 10:00:00,21336305,Orthopedic 6 North,12,,,,,,,,,,,,,,,,,,,,,,,,,13,,,,,,,,
2026-10-08 11:00:00,21336305,Orthopedic 6 North,12,,,,,,,,,,,,,,,,,,,,,,,,,13,,,,,,,,
2026-10-08 12:00:00,21336305,Orthopedic 6 North,11,,,,,,,,,,,,,,,,,,,,,,,,,13,,,,,,,,
2026-10-08 13:00:00,21336305,Orthopedic 6 North,11,,,,,,,,,,,,,,,,,,,,,,,,,13,,,,,,,,
2026-10-08 14:00:00,21336305,Orthopedic 6 North,12,,,,,,,,,,,,,,,,,,,,,,,,,13,,,,,,,,
2026-10-08 15:00:00,21336305,Orthopedic 6 North,12,,,,,,,,,,,,,,,,,,,,,,,,,13,,,,,,,,
2026-10-08 16:00:00,21336305,Orthopedic 6 North,12,,,,,,,,,,,,,,,,,,,,,,,,,13,,,,,,,,
2026-10-08 17:00:00,21336305,Orthopedic 6 North,12,,,,,,,,,,,,,,,,,,,,,,,,,13,,,,,,,,
2026-10-08 18:00:00,21336305,Orthopedic 6 North,11,,,,,,,,,,,,,,,,,,,,,,,,,13,,,,,,,,
2026-10-08 19:00:00,21336305,Orthopedic 6 North,12,,,,,,,,,,,,,,,,,,,,,,,,,13,,,,,,,,
2026-10-08 20:00:00,21336305,Orthopedic 6 North,13,,,,,,,,,,,,,,,,,,,,,,,,,13,,,,,,,,
2026-10-08 21:00:00,21336305,Orthopedic 6 North,13,,,,,,,,,,,,,,,,,,,,,,,,,13,,,,,,,,
2026-10-08 22:00:00,21336305,Orthopedic 6 North,10,,,,,,,,,,,,,,,,,,,,,,,,,13,,,,,,,,
2026-10-08 23:00:00,21336305,Orthopedic 6 North,12,,,,,,,,,,,,,,,,,,,,,,,,,13,,,,,,,,
2026-10-09 00:00:00,21336305,Orthopedic 6 North,13,,,,,,,,,,,,,,,,,,,,,,,,,13,,,,,,,,
2026-10-09 01:00:00,21336305,Orthopedic 6 North,12,,,,,,,,,,,,,,,,,,,,,,,,,13,,,,,,,,
2026-10-09 02:00:00,21336305,Orthopedic 6 North,11,,,,,,,,,,,,,,,,,,,,,,,,,13,,,,,,,,
2026-10-09 03:00:00,21336305,Orthopedic 6 North,13,,,,,,,,,,,,,,,,,,,,,,,,,13,,,,,,,,
2026-10-09 04:00:00,21336305,Orthopedic 6 North,12,,,,,,,,,,,,,,,,,,,,,,,,,13,,,,,,,,
2026-10-09 05:00:00,21336305,Orthopedic 6 North,11,,,,,,,,,,,,,,,,,,,,,,,,,13,,,,,,,,
2026-10-09 06:00:00,21336305,Orthopedic 6 North,13,,,,,,,,,,,,,,,,,,,,,,,,,13,,,,,,,,
2026-10-09 07:00:00,21336305,Orthopedic 6 North,12,,,,,,,,,,,,,,,,,,,,,,,,,13,,,,,,,,
2026-10-09 08:00:00,21336305,Orthopedic 6 North,13,,,,,,,,,,,,,,,,,,,,,,,,,13,,,,,,,,
2026-10-09 09:00:00,21336305,Orthopedic 6 North,13,,,,,,,,,,,,,,,,,,,,,,,,,13,,,,,,,,
2026-10-09 10:00:00,21336305,Orthopedic 6 North,11,,,,,,,,,,,,,,,,,,,,,,,,,13,,,,,,,,
2026-10-09 11:00:00,21336305,Orthopedic 6 North,13,,,,,,,,,,,,,,,,,,,,,,,,,13,,,,,,,,
2026-10-09 12:00:00,21336305,Orthopedic 6 North,12,,,,,,,,,,,,,,,,,,,,,,,,,13,,,,,,,,
2026-10-09 13:00:00,21336305,Orthopedic 6 North,12,,,,,,,,,,,,,,,,,,,,,,,,,13,,,,,,,,
2026-10-09 14:00:00,21336305,Orthopedic 6 North,12,,,,,,,,,,,,,,,,,,,,,,,,,13,,,,,,,,
2026-10-09 15:00:00,21336305,Orthopedic 6 North,12,,,,,,,,,,,,,,,,,,,,,,,,,13,,,,,,,,
2026-10-09 16:00:00,21336305,Orthopedic 6 North,10,,,,,,,,,,,,,,,,,,,,,,,,,13,,,,,,,,
2026-10-09 17:00:00,21336305,Orthopedic 6 North,12,,,,,,,,,,,,,,,,,,,,,,,,,13,,,,,,,,
2026-10-09 18:00:00,21336305,Orthopedic 6 North,13,11.6,10.8,12.4,11.4,10.2,12.6,11.0,9.6,12.4,10.7,9.3,12.1,11.6,10.1,13,10.7,9.1,12.3,10.3,8.7,11.9,11.1,9.6,12.6,13,0,0,0,0,0,0,0,0
2026-10-02 18:00:00,97635816,Progressive Care,11,,,,,,,,,,,,,,,,,,,,,,,,,11,,,,,,,,
2026-10-02 19:00:00,97635816,Progressive Care,11,,,,,,,,,,,,,,,,,,,,,,,,,11,,,,,,,,
2026-10-02 20:00:00,97635816,Progressive Care,11,,,,,,,,,,,,,,,,,,,,,,,,,11,,,,,,,,
2026-10-02 21:00:00,97635816,Progressive Care,11,,,,,,,,,,,,,,,,,,,,,,,,,11,,,,,,,,
2026-10-02 22:00:00,97635816,Progressive Care,11,,,,,,,,,,,,,,,,,,,,,,,,,11,,,,,,,,
2026-10-02 23:00:00,97635816,Progressive Care,10,,,,,,,,,,,,,,,,,,,,,,,,,11,,,,,,,,
2026-10-03 00:00:00,97635816,Progressive Care,10,,,,,,,,,,,,,,,,,,,,,,,,,11,,,,,,,,
2026-10-03 01:00:00,97635816,Progressive Care,10,,,,,,,,,,,,,,,,,,,,,,,,,11,,,,,,,,
2026-10-03 02:00:00,97635816,Progressive Care,10,,,,,,,,,,,,,,,,,,,,,,,,,11,,,,,,,,
2026-10-03 03:00:00,97635816,Progressive Care,11,,,,,,,,,,,,,,,,,,,,,,,,,11,,,,,,,,
2026-10-03 04:00:00,97635816,Progressive Care,10,,,,,,,,,,,,,,,,,,,,,,,,,11,,,,,,,,
2026-10-03 05:00:00,97635816,Progressive Care,11,,,,,,,,,,,,,,,,,,,,,,,,,11,,,,,,,,
2026-10-03 06:00:00,97635816,Progressive Care,11,,,,,,,,,,,,,,,,,,,,,,,,,11,,,,,,,,
2026-10-03 07:00:00,97635816,Progressive Care,10,,,,,,,,,,,,,,,,,,,,,,,,,11,,,,,,,,
2026-10-03 08:00:00,97635816,Progressive Care,10,,,,,,,,,,,,,,,,,,,,,,,,,11,,,,,,,,
2026-10-03 09:00:00,97635816,Progressive Care,11,,,,,,,,,,,,,,,,,,,,,,,,,11,,,,,,,,
2026-10-03 10:00:00,97635816,Progressive Care,9,,,,,,,,,,,,,,,,,,,,,,,,,11,,,,,,,,
2026-10-03 11:00:00,97635816,Progressive Care,9,,,,,,,,,,,,,,,,,,,,,,,,,11,,,,,,,,
2026-10-03 12:00:00,97635816,Progressive Care,10,,,,,,,,,,,,,,,,,,,,,,,,,11,,,,,,,,
2026-10-03 13:00:00,97635816,Progressive Care,10,,,,,,,,,,,,,,,,,,,,,,,,,11,,,,,,,,
2026-10-03 14:00:00,97635816,Progressive Care,10,,,,,,,,,,,,,,,,,,,,,,,,,11,,,,,,,,
2026-10-03 15:00:00,97635816,Progressive Care,9,,,,,,,,,,,,,,,,,,,,,,,,,11,,,,,,,,
2026-10-03 16:00:00,97635816,Progressive Care,10,,,,,,,,,,,,,,,,,,,,,,,,,11,,,,,,,,
2026-10-03 17:00:00,97635816,Progressive Care,11,,,,,,,,,,,,,,,,,,,,,,,,,11,,,,,,,,
2026-10-03 18:00:00,97635816,Progressive Care,10,,,,,,,,,,,,,,,,,,,,,,,,,11,,,,,,,,
2026-10-03 19:00:00,97635816,Progressive Care,8,,,,,,,,,,,,,,,,,,,,,,,,,11,,,,,,,,
2026-10-03 20:00:00,97635816,Progressive Care,10,,,,,,,,,,,,,,,,,,,,,,,,,11,,,,,,,,
2026-10-03 21:00:00,97635816,Progressive Care,10,,,,,,,,,,,,,,,,,,,,,,,,,11,,,,,,,,
2026-10-03 22:00:00,97635816,Progressive Care,10,,,,,,,,,,,,,,,,,,,,,,,,,11,,,,,,,,
2026-10-03 23:00:00,97635816,Progressive Care,8,,,,,,,,,,,,,,,,,,,,,,,,,11,,,,,,,,
2026-10-04 00:00:00,97635816,Progressive Care,11,,,,,,,,,,,,,,,,,,,,,,,,,11,,,,,,,,
2026-10-04 01:00:00,97635816,Progressive Care,10,,,,,,,,,,,,,,,,,,,,,,,,,11,,,,,,,,
2026-10-04 02:00:00,97635816,Progressive Care,10,,,,,,,,,,,,,,,,,,,,,,,,,11,,,,,,,,
2026-10-04 03:00:00,97635816,Progressive Care,10,,,,,,,,,,,,,,,,,,,,,,,,,11,,,,,,,,
2026-10-04 04:00:00,97635816,Progressive Care,10,,,,,,,,,,,,,,,,,,,,,,,,,11,,,,,,,,
2026-10-04 05:00:00,97635816,Progressive Care,9,,,,,,,,,,,,,,,,,,,,,,,,,11,,,,,,,,
2026-10-04 06:00:00,97635816,Progressive Care,11,,,,,,,,,,,,,,,,,,,,,,,,,11,,,,,,,,
2026-10-04 07:00:00,97635816,Progressive Care,9,,,,,,,,,,,,,,,,,,,,,,,,,11,,,,,,,,
2026-10-04 08:00:00,97635816,Progressive Care,10,,,,,,,,,,,,,,,,,,,,,,,,,11,,,,,,,,
2026-10-04 09:00:00,97635816,Progressive Care,11,,,,,,,,,,,,,,,,,,,,,,,,,11,,,,,,,,
2026-10-04 10:00:00,97635816,Progressive Care,11,,,,,,,,,,,,,,,,,,,,,,,,,11,,,,,,,,
2026-10-04 11:00:00,97635816,Progressive Care,10,,,,,,,,,,,,,,,,,,,,,,,,,11,,,,,,,,
2026-10-04 12:00:00,97635816,Progressive Care,10,,,,,,,,,,,,,,,,,,,,,,,,,11,,,,,,,,
2026-10-04 13:00:00,97635816,Progressive Care,10,,,,,,,,,,,,,,,,,,,,,,,,,11,,,,,,,,
2026-10-04 14:00:00,97635816,Progressive Care,11,,,,,,,,,,,,,,,,,,,,,,,,,11,,,,,,,,
2026-10-04 15:00:00,97635816,Progressive Care,11,,,,,,,,,,,,,,,,,,,,,,,,,11,,,,,,,,
2026-10-04 16:00:00,97635816,Progressive Care,11,,,,,,,,,,,,,,,,,,,,,,,,,11,,,,,,,,
2026-10-04 17:00:00,97635816,Progressive Care,10,,,,,,,,,,,,,,,,,,,,,,,,,11,,,,,,,,
2026-10-04 18:00:00,97635816,Progressive Care,11,,,,,,,,,,,,,,,,,,,,,,,,,11,,,,,,,,
2026-10-04 19:00:00,97635816,Progressive Care,11,,,,,,,,,,,,,,,,,,,,,,,,,11,,,,,,,,
2026-10-04 20:00:00,97635816,Progressive Care,10,,,,,,,,,,,,,,,,,,,,,,,,,11,,,,,,,,
2026-10-04 21:00:00,97635816,Progressive Care,10,,,,,,,,,,,,,,,,,,,,,,,,,11,,,,,,,,
2026-10-04 22:00:00,97635816,Progressive Care,10,,,,,,,,,,,,,,,,,,,,,,,,,11,,,,,,,,
2026-10-04 23:00:00,97635816,Progressive Care,10,,,,,,,,,,,,,,,,,,,,,,,,,11,,,,,,,,
2026-10-05 00:00:00,97635816,Progressive Care,10,,,,,,,,,,,,,,,,,,,,,,,,,11,,,,,,,,
2026-10-05 01:00:00,97635816,Progressive Care,10,,,,,,,,,,,,,,,,,,,,,,,,,11,,,,,,,,
2026-10-05 02:00:00,97635816,Progressive Care,10,,,,,,,,,,,,,,,,,,,,,,,,,11,,,,,,,,
2026-10-05 03:00:00,97635816,Progressive Care,10,,,,,,,,,,,,,,,,,,,,,,,,,11,,,,,,,,
2026-10-05 04:00:00,97635816,Progressive Care,11,,,,,,,,,,,,,,,,,,,,,,,,,11,,,,,,,,
2026-10-05 05:00:00,97635816,Progressive Care,11,,,,,,,,,,,,,,,,,,,,,,,,,11,,,,,,,,
2026-10-05 06:00:00,97635816,Progressive Care,11,,,,,,,,,,,,,,,,,,,,,,,,,11,,,,,,,,
2026-10-05 07:00:00,97635816,Progressive Care,10,,,,,,,,,,,,,,,,,,,,,,,,,11,,,,,,,,
2026-10-05 08:00:00,97635816,Progressive Care,11,,,,,,,,,,,,,,,,,,,,,,,,,11,,,,,,,,
2026-10-05 09:00:00,97635816,Progressive Care,10,,,,,,,,,,,,,,,,,,,,,,,,,11,,,,,,,,
2026-10-05 10:00:00,97635816,Progressive Care,10,,,,,,,,,,,,,,,,,,,,,,,,,11,,,,,,,,
2026-10-05 11:00:00,97635816,Progressive Care,10,,,,,,,,,,,,,,,,,,,,,,,,,11,,,,,,,,
2026-10-05 12:00:00,97635816,Progressive Care,11,,,,,,,,,,,,,,,,,,,,,,,,,11,,,,,,,,
2026-10-05 13:00:00,97635816,Progressive Care,10,,,,,,,,,,,,,,,,,,,,,,,,,11,,,,,,,,
2026-10-05 14:00:00,97635816,Progressive Care,9,,,,,,,,,,,,,,,,,,,,,,,,,11,,,,,,,,
2026-10-05 15:00:00,97635816,Progressive Care,10,,,,,,,,,,,,,,,,,,,,,,,,,11,,,,,,,,
2026-10-05 16:00:00,97635816,Progressive Care,9,,,,,,,,,,,,,,,,,,,,,,,,,11,,,,,,,,
2026-10-05 17:00:00,97635816,Progressive Care,10,,,,,,,,,,,,,,,,,,,,,,,,,11,,,,,,,,
2026-10-05 18:00:00,97635816,Progressive Care,11,,,,,,,,,,,,,,,,,,,,,,,,,11,,,,,,,,
2026-10-05 19:00:00,97635816,Progressive Care,11,,,,,,,,,,,,,,,,,,,,,,,,,11,,,,,,,,
2026-10-05 20:00:00,97635816,Progressive Care,10,,,,,,,,,,,,,,,,,,,,,,,,,11,,,,,,,,
2026-10-05 21:00:00,97635816,Progressive Care,11,,,,,,,,,,,,,,,,,,,,,,,,,11,,,,,,,,
2026-10-05 22:00:00,97635816,Progressive Care,10,,,,,,,,,,,,,,,,,,,,,,,,,11,,,,,,,,
2026-10-05 23:00:00,97635816,Progressive Care,11,,,,,,,,,,,,,,,,,,,,,,,,,11,,,,,,,,
2026-10-06 00:00:00,97635816,Progressive Care,11,,,,,,,,,,,,,,,,,,,,,,,,,11,,,,,,,,
2026-10-06 01:00:00,97635816,Progressive Care,11,,,,,,,,,,,,,,,,,,,,,,,,,11,,,,,,,,
2026-10-06 02:00:00,97635816,Progressive Care,11,,,,,,,,,,,,,,,,,,,,,,,,,11,,,,,,,,
2026-10-06 03:00:00,97635816,Progressive Care,10,,,,,,,,,,,,,,,,,,,,,,,,,11,,,,,,,,
2026-10-06 04:00:00,97635816,Progressive Care,10,,,,,,,,,,,,,,,,,,,,,,,,,11,,,,,,,,
2026-10-06 05:00:00,97635816,Progressive Care,9,,,,,,,,,,,,,,,,,,,,,,,,,11,,,,,,,,
2026-10-06 06:00:00,97635816,Progressive Care,10,,,,,,,,,,,,,,,,,,,,,,,,,11,,,,,,,,
2026-10-06 07:00:00,97635816,Progressive Care,10,,,,,,,,,,,,,,,,,,,,,,,,,11,,,,,,,,
2026-10-06 08:00:00,97635816,Progressive Care,10,,,,,,,,,,,,,,,,,,,,,,,,,11,,,,,,,,
2026-10-06 09:00:00,97635816,Progressive Care,9,,,,,,,,,,,,,,,,,,,,,,,,,11,,,,,,,,
2026-10-06 10:00:00,97635816,Progressive Care,10,,,,,,,,,,,,,,,,,,,,,,,,,11,,,,,,,,
2026-10-06 11:00:00,97635816,Progressive Care,11,,,,,,,,,,,,,,,,,,,,,,,,,11,,,,,,,,
2026-10-06 12:00:00,97635816,Progressive Care,10,,,,,,,,,,,,,,,,,,,,,,,,,11,,,,,,,,
2026-10-06 13:00:00,97635816,Progressive Care,11,,,,,,,,,,,,,,,,,,,,,,,,,11,,,,,,,,
2026-10-06 14:00:00,97635816,Progressive Care,11,,,,,,,,,,,,,,,,,,,,,,,,,11,,,,,,,,
2026-10-06 15:00:00,97635816,Progressive Care,10,,,,,,,,,,,,,,,,,,,,,,,,,11,,,,,,,,
2026-10-06 16:00:00,97635816,Progressive Care,11,,,,,,,,,,,,,,,,,,,,,,,,,11,,,,,,,,
2026-10-06 17:00:00,97635816,Progressive Care,11,,,,,,,,,,,,,,,,,,,,,,,,,11,,,,,,,,
2026-10-06 18:00:00,97635816,Progressive Care,10,,,,,,,,,,,,,,,,,,,,,,,,,11,,,,,,,,
2026-10-06 19:00:00,97635816,Progressive Care,11,,,,,,,,,,,,,,,,,,,,,,,,,11,,,,,,,,
2026-10-06 20:00:00,97635816,Progressive Care,10,,,,,,,,,,,,,,,,,,,,,,,,,11,,,,,,,,
2026-10-06 21:00:00,97635816,Progressive Care,11,,,,,,,,,,,,,,,,,,,,,,,,,11,,,,,,,,
2026-10-06 22:00:00,97635816,Progressive Care,10,,,,,,,,,,,,,,,,,,,,,,,,,11,,,,,,,,
2026-10-06 23:00:00,97635816,Progressive Care,9,,,,,,,,,,,,,,,,,,,,,,,,,11,,,,,,,,
2026-10-07 00:00:00,97635816,Progressive Care,10,,,,,,,,,,,,,,,,,,,,,,,,,11,,,,,,,,
2026-10-07 01:00:00,97635816,Progressive Care,10,,,,,,,,,,,,,,,,,,,,,,,,,11,,,,,,,,
2026-10-07 02:00:00,97635816,Progressive Care,8,,,,,,,,,,,,,,,,,,,,,,,,,11,,,,,,,,
2026-10-07 03:00:00,97635816,Progressive Care,11,,,,,,,,,,,,,,,,,,,,,,,,,11,,,,,,,,
2026-10-07 04:00:00,97635816,Progressive Care,11,,,,,,,,,,,,,,,,,,,,,,,,,11,,,,,,,,
2026-10-07 05:00:00,97635816,Progressive Care,9,,,,,,,,,,,,,,,,,,,,,,,,,11,,,,,,,,
2026-10-07 06:00:00,97635816,Progressive Care,10,,,,,,,,,,,,,,,,,,,,,,,,,11,,,,,,,,
2026-10-07 07:00:00,97635816,Progressive Care,10,,,,,,,,,,,,,,,,,,,,,,,,,11,,,,,,,,
2026-10-07 08:00:00,97635816,Progressive Care,11,,,,,,,,,,,,,,,,,,,,,,,,,11,,,,,,,,
2026-10-07 09:00:00,97635816,Progressive Care,9,,,,,,,,,,,,,,,,,,,,,,,,,11,,,,,,,,
2026-10-07 10:00:00,97635816,Progressive Care,11,,,,,,,,,,,,,,,,,,,,,,,,,11,,,,,,,,
2026-10-07 11:00:00,97635816,Progressive Care,11,,,,,,,,,,,,,,,,,,,,,,,,,11,,,,,,,,
2026-10-07 12:00:00,97635816,Progressive Care,10,,,,,,,,,,,,,,,,,,,,,,,,,11,,,,,,,,
2026-10-07 13:00:00,97635816,Progressive Care,11,,,,,,,,,,,,,,,,,,,,,,,,,11,,,,,,,,
2026-10-07 14:00:00,97635816,Progressive Care,8,,,,,,,,,,,,,,,,,,,,,,,,,11,,,,,,,,
2026-10-07 15:00:00,97635816,Progressive Care,11,,,,,,,,,,,,,,,,,,,,,,,,,11,,,,,,,,
2026-10-07 16:00:00,97635816,Progressive Care,10,,,,,,,,,,,,,,,,,,,,,,,,,11,,,,,,,,
2026-10-07 17:00:00,97635816,Progressive Care,10,,,,,,,,,,,,,,,,,,,,,,,,,11,,,,,,,,
2026-10-07 18:00:00,97635816,Progressive Care,10,,,,,,,,,,,,,,,,,,,,,,,,,11,,,,,,,,
2026-10-07 19:00:00,97635816,Progressive Care,9,,,,,,,,,,,,,,,,,,,,,,,,,11,,,,,,,,
2026-10-07 20:00:00,97635816,Progressive Care,11,,,,,,,,,,,,,,,,,,,,,,,,,11,,,,,,,,
2026-10-07 21:00:00,97635816,Progressive Care,10,,,,,,,,,,,,,,,,,,,,,,,,,11,,,,,,,,
2026-10-07 22:00:00,97635816,Progressive Care,10,,,,,,,,,,,,,,,,,,,,,,,,,11,,,,,,,,
2026-10-07 23:00:00,97635816,Progressive Care,10,,,,,,,,,,,,,,,,,,,,,,,,,11,,,,,,,,
2026-10-08 00:00:00,97635816,Progressive Care,11,,,,,,,,,,,,,,,,,,,,,,,,,11,,,,,,,,
2026-10-08 01:00:00,97635816,Progressive Care,11,,,,,,,,,,,,,,,,,,,,,,,,,11,,,,,,,,
2026-10-08 02:00:00,97635816,Progressive Care,11,,,,,,,,,,,,,,,,,,,,,,,,,11,,,,,,,,
2026-10-08 03:00:00,97635816,Progressive Care,10,,,,,,,,,,,,,,,,,,,,,,,,,11,,,,,,,,
2026-10-08 04:00:00,97635816,Progressive Care,10,,,,,,,,,,,,,,,,,,,,,,,,,11,,,,,,,,
2026-10-08 05:00:00,97635816,Progressive Care,9,,,,,,,,,,,,,,,,,,,,,,,,,11,,,,,,,,
2026-10-08 06:00:00,97635816,Progressive Care,11,,,,,,,,,,,,,,,,,,,,,,,,,11,,,,,,,,
2026-10-08 07:00:00,97635816,Progressive Care,11,,,,,,,,,,,,,,,,,,,,,,,,,11,,,,,,,,
2026-10-08 08:00:00,97635816,Progressive Care,11,,,,,,,,,,,,,,,,,,,,,,,,,11,,,,,,,,
2026-10-08 09:00:00,97635816,Progressive Care,10,,,,,,,,,,,,,,,,,,,,,,,,,11,,,,,,,,
2026-10-08 10:00:00,97635816,Progressive Care,8,,,,,,,,,,,,,,,,,,,,,,,,,11,,,,,,,,
2026-10-08 11:00:00,97635816,Progressive Care,11,,,,,,,,,,,,,,,,,,,,,,,,,11,,,,,,,,
2026-10-08 12:00:00,97635816,Progressive Care,10,,,,,,,,,,,,,,,,,,,,,,,,,11,,,,,,,,
2026-10-08 13:00:00,97635816,Progressive Care,11,,,,,,,,,,,,,,,,,,,,,,,,,11,,,,,,,,
2026-10-08 14:00:00,97635816,Progressive Care,10,,,,,,,,,,,,,,,,,,,,,,,,,11,,,,,,,,
2026-10-08 15:00:00,97635816,Progressive Care,10,,,,,,,,,,,,,,,,,,,,,,,,,11,,,,,,,,
2026-10-08 16:00:00,97635816,Progressive Care,10,,,,,,,,,,,,,,,,,,,,,,,,,11,,,,,,,,
2026-10-08 17:00:00,97635816,Progressive Care,11,,,,,,,,,,,,,,,,,,,,,,,,,11,,,,,,,,
2026-10-08 18:00:00,97635816,Progressive Care,11,,,,,,,,,,,,,,,,,,,,,,,,,11,,,,,,,,
2026-10-08 19:00:00,97635816,Progressive Care,10,,,,,,,,,,,,,,,,,,,,,,,,,11,,,,,,,,
2026-10-08 20:00:00,97635816,Progressive Care,11,,,,,,,,,,,,,,,,,,,,,,,,,11,,,,,,,,
2026-10-08 21:00:00,97635816,Progressive Care,11,,,,,,,,,,,,,,,,,,,,,,,,,11,,,,,,,,
2026-10-08 22:00:00,97635816,Progressive Care,10,,,,,,,,,,,,,,,,,,,,,,,,,11,,,,,,,,
2026-10-08 23:00:00,97635816,Progressive Care,10,,,,,,,,,,,,,,,,,,,,,,,,,11,,,,,,,,
2026-10-09 00:00:00,97635816,Progressive Care,10,,,,,,,,,,,,,,,,,,,,,,,,,11,,,,,,,,
2026-10-09 01:00:00,97635816,Progressive Care,11,,,,,,,,,,,,,,,,,,,,,,,,,11,,,,,,,,
2026-10-09 02:00:00,97635816,Progressive Care,11,,,,,,,,,,,,,,,,,,,,,,,,,11,,,,,,,,
2026-10-09 03:00:00,97635816,Progressive Care,10,,,,,,,,,,,,,,,,,,,,,,,,,11,,,,,,,,
2026-10-09 04:00:00,97635816,Progressive Care,11,,,,,,,,,,,,,,,,,,,,,,,,,11,,,,,,,,
2026-10-09 05:00:00,97635816,Progressive Care,11,,,,,,,,,,,,,,,,,,,,,,,,,11,,,,,,,,
2026-10-09 06:00:00,97635816,Progressive Care,11,,,,,,,,,,,,,,,,,,,,,,,,,11,,,,,,,,
2026-10-09 07:00:00,97635816,Progressive Care,10,,,,,,,,,,,,,,,,,,,,,,,,,11,,,,,,,,
2026-10-09 08:00:00,97635816,Progressive Care,11,,,,,,,,,,,,,,,,,,,,,,,,,11,,,,,,,,
2026-10-09 09:00:00,97635816,Progressive Care,10,,,,,,,,,,,,,,,,,,,,,,,,,11,,,,,,,,
2026-10-09 10:00:00,97635816,Progressive Care,10,,,,,,,,,,,,,,,,,,,,,,,,,11,,,,,,,,
2026-10-09 11:00:00,97635816,Progressive Care,10,,,,,,,,,,,,,,,,,,,,,,,,,11,,,,,,,,
2026-10-09 12:00:00,97635816,Progressive Care,8,,,,,,,,,,,,,,,,,,,,,,,,,11,,,,,,,,
2026-10-09 13:00:00,97635816,Progressive Care,11,,,,,,,,,,,,,,,,,,,,,,,,,11,,,,,,,,
2026-10-09 14:00:00,97635816,Progressive Care,11,,,,,,,,,,,,,,,,,,,,,,,,,11,,,,,,,,
2026-10-09 15:00:00,97635816,Progressive Care,11,,,,,,,,,,,,,,,,,,,,,,,,,11,,,,,,,,
2026-10-09 16:00:00,97635816,Progressive Care,11,,,,,,,,,,,,,,,,,,,,,,,,,11,,,,,,,,
2026-10-09 17:00:00,97635816,Progressive Care,9,,,,,,,,,,,,,,,,,,,,,,,,,11,,,,,,,,
2026-10-09 18:00:00,97635816,Progressive Care,10,9.2,8.4,10.0,8.5,7.4,9.6,8.6,7.3,9.9,8.1,6.7,9.5,9.1,7.5,10.7,8.2,6.7,9.7,8.6,7.0,10.2,9.4,8.0,10.8,11,0,0,0,0,0,0,0,0
2026-10-02 18:00:00,1775257343,Neuro Stepdown,15,,,,,,,,,,,,,,,,,,,,,,,,,20,,,,,,,,
2026-10-02 19:00:00,1775257343,Neuro Stepdown,19,,,,,,,,,,,,,,,,,,,,,,,,,20,,,,,,,,
2026-10-02 20:00:00,1775257343,Neuro Stepdown,18,,,,,,,,,,,,,,,,,,,,,,,,,20,,,,,,,,
2026-10-02 21:00:00,1775257343,Neuro Stepdown,19,,,,,,,,,,,,,,,,,,,,,,,,,20,,,,,,,,
2026-10-02 22:00:00,1775257343,Neuro Stepdown,19,,,,,,,,,,,,,,,,,,,,,,,,,20,,,,,,,,
2026-10-02 23:00:00,1775257343,Neuro Stepdown,16,,,,,,,,,,,,,,,,,,,,,,,,,20,,,,,,,,
2026-10-03 00:00:00,1775257343,Neuro Stepdown,19,,,,,,,,,,,,,,,,,,,,,,,,,20,,,,,,,,
2026-10-03 01:00:00,1775257343,Neuro Stepdown,14,,,,,,,,,,,,,,,,,,,,,,,,,20,,,,,,,,
2026-10-03 02:00:00,1775257343,Neuro Stepdown,19,,,,,,,,,,,,,,,,,,,,,,,,,20,,,,,,,,
2026-10-03 03:00:00,1775257343,Neuro Stepdown,20,,,,,,,,,,,,,,,,,,,,,,,,,20,,,,,,,,
2026-10-03 04:00:00,1775257343,Neuro Stepdown,20,,,,,,,,,,,,,,,,,,,,,,,,,20,,,,,,,,
2026-10-03 05:00:00,1775257343,Neuro Stepdown,20,,,,,,,,,,,,,,,,,,,,,,,,,20,,,,,,,,
2026-10-03 06:00:00,1775257343,Neuro Stepdown,20,,,,,,,,,,,,,,,,,,,,,,,,,20,,,,,,,,
2026-10-03 07:00:00,1775257343,Neuro Stepdown,20,,,,,,,,,,,,,,,,,,,,,,,,,20,,,,,,,,
2026-10-03 08:00:00,1775257343,Neuro Stepdown,20,,,,,,,,,,,,,,,,,,,,,,,,,20,,,,,,,,
2026-10-03 09:00:00,1775257343,Neuro Stepdown,17,,,,,,,,,,,,,,,,,,,,,,,,,20,,,,,,,,
2026-10-03 10:00:00,1775257343,Neuro Stepdown,20,,,,,,,,,,,,,,,,,,,,,,,,,20,,,,,,,,
2026-10-03 11:00:00,1775257343,Neuro Stepdown,19,,,,,,,,,,,,,,,,,,,,,,,,,20,,,,,,,,
2026-10-03 12:00:00,1775257343,Neuro Stepdown,19,,,,,,,,,,,,,,,,,,,,,,,,,20,,,,,,,,
2026-10-03 13:00:00,1775257343,Neuro Stepdown,17,,,,,,,,,,,,,,,,,,,,,,,,,20,,,,,,,,
2026-10-03 14:00:00,1775257343,Neuro Stepdown,15,,,,,,,,,,,,,,,,,,,,,,,,,20,,,,,,,,
2026-10-03 15:00:00,1775257343,Neuro Stepdown,17,,,,,,,,,,,,,,,,,,,,,,,,,20,,,,,,,,
2026-10-03 16:00:00,1775257343,Neuro Stepdown,19,,,,,,,,,,,,,,,,,,,,,,,,,20,,,,,,,,
2026-10-03 17:00:00,1775257343,Neuro Stepdown,19,,,,,,,,,,,,,,,,,,,,,,,,,20,,,,,,,,
2026-10-03 18:00:00,1775257343,Neuro Stepdown,16,,,,,,,,,,,,,,,,,,,,,,,,,20,,,,,,,,
2026-10-03 19:00:00,1775257343,Neuro Stepdown,19,,,,,,,,,,,,,,,,,,,,,,,,,20,,,,,,,,
2026-10-03 20:00:00,1775257343,Neuro Stepdown,17,,,,,,,,,,,,,,,,,,,,,,,,,20,,,,,,,,
2026-10-03 21:00:00,1775257343,Neuro Stepdown,18,,,,,,,,,,,,,,,,,,,,,,,,,20,,,,,,,,
2026-10-03 22:00:00,1775257343,Neuro Stepdown,18,,,,,,,,,,,,,,,,,,,,,,,,,20,,,,,,,,
2026-10-03 23:00:00,1775257343,Neuro Stepdown,19,,,,,,,,,,,,,,,,,,,,,,,,,20,,,,,,,,
2026-10-04 00:00:00,1775257343,Neuro Stepdown,14,,,,,,,,,,,,,,,,,,,,,,,,,20,,,,,,,,
2026-10-04 01:00:00,1775257343,Neuro Stepdown,19,,,,,,,,,,,,,,,,,,,,,,,,,20,,,,,,,,
2026-10-04 02:00:00,1775257343,Neuro Stepdown,14,,,,,,,,,,,,,,,,,,,,,,,,,20,,,,,,,,
2026-10-04 03:00:00,1775257343,Neuro Stepdown,19,,,,,,,,,,,,,,,,,,,,,,,,,20,,,,,,,,
2026-10-04 04:00:00,1775257343,Neuro Stepdown,19,,,,,,,,,,,,,,,,,,,,,,,,,20,,,,,,,,
2026-10-04 05:00:00,1775257343,Neuro Stepdown,19,,,,,,,,,,,,,,,,,,,,,,,,,20,,,,,,,,
2026-10-04 06:00:00,1775257343,Neuro Stepdown,18,,,,,,,,,,,,,,,,,,,,,,,,,20,,,,,,,,
2026-10-04 07:00:00,1775257343,Neuro Stepdown,19,,,,,,,,,,,,,,,,,,,,,,,,,20,,,,,,,,
2026-10-04 08:00:00,1775257343,Neuro Stepdown,16,,,,,,,,,,,,,,,,,,,,,,,,,20,,,,,,,,
2026-10-04 09:00:00,1775257343,Neuro Stepdown,17,,,,,,,,,,,,,,,,,,,,,,,,,20,,,,,,,,
2026-10-04 10:00:00,1775257343,Neuro Stepdown,19,,,,,,,,,,,,,,,,,,,,,,,,,20,,,,,,,,
2026-10-04 11:00:00,1775257343,Neuro Stepdown,16,,,,,,,,,,,,,,,,,,,,,,,,,20,,,,,,,,
2026-10-04 12:00:00,1775257343,Neuro Stepdown,20,,,,,,,,,,,,,,,,,,,,,,,,,20,,,,,,,,
2026-10-04 13:00:00,1775257343,Neuro Stepdown,15,,,,,,,,,,,,,,,,,,,,,,,,,20,,,,,,,,
2026-10-04 14:00:00,1775257343,Neuro Stepdown,19,,,,,,,,,,,,,,,,,,,,,,,,,20,,,,,,,,
2026-10-04 15:00:00,1775257343,Neuro Stepdown,19,,,,,,,,,,,,,,,,,,,,,,,,,20,,,,,,,,
2026-10-04 16:00:00,1775257343,Neuro Stepdown,19,,,,,,,,,,,,,,,,,,,,,,,,,20,,,,,,,,
2026-10-04 17:00:00,1775257343,Neuro Stepdown,19,,,,,,,,,,,,,,,,,,,,,,,,,20,,,,,,,,
2026-10-04 18:00:00,1775257343,Neuro Stepdown,16,,,,,,,,,,,,,,,,,,,,,,,,,20,,,,,,,,
2026-10-04 19:00:00,1775257343,Neuro Stepdown,16,,,,,,,,,,,,,,,,,,,,,,,,,20,,,,,,,,
2026-10-04 20:00:00,1775257343,Neuro Stepdown,19,,,,,,,,,,,,,,,,,,,,,,,,,20,,,,,,,,
2026-10-04 21:00:00,1775257343,Neuro Stepdown,16,,,,,,,,,,,,,,,,,,,,,,,,,20,,,,,,,,
2026-10-04 22:00:00,1775257343,Neuro Stepdown,19,,,,,,,,,,,,,,,,,,,,,,,,,20,,,,,,,,
2026-10-04 23:00:00,1775257343,Neuro Stepdown,17,,,,,,,,,,,,,,,,,,,,,,,,,20,,,,,,,,
2026-10-05 00:00:00,1775257343,Neuro Stepdown,19,,,,,,,,,,,,,,,,,,,,,,,,,20,,,,,,,,
2026-10-05 01:00:00,1775257343,Neuro Stepdown,18,,,,,,,,,,,,,,,,,,,,,,,,,20,,,,,,,,
2026-10-05 02:00:00,1775257343,Neuro Stepdown,19,,,,,,,,,,,,,,,,,,,,,,,,,20,,,,,,,,
2026-10-05 03:00:00,1775257343,Neuro Stepdown,20,,,,,,,,,,,,,,,,,,,,,,,,,20,,,,,,,,
2026-10-05 04:00:00,1775257343,Neuro Stepdown,19,,,,,,,,,,,,,,,,,,,,,,,,,20,,,,,,,,
2026-10-05 05:00:00,1775257343,Neuro Stepdown,19,,,,,,,,,,,,,,,,,,,,,,,,,20,,,,,,,,
2026-10-05 06:00:00,1775257343,Neuro Stepdown,19,,,,,,,,,,,,,,,,,,,,,,,,,20,,,,,,,,
2026-10-05 07:00:00,1775257343,Neuro Stepdown,19,,,,,,,,,,,,,,,,,,,,,,,,,20,,,,,,,,
2026-10-05 08:00:00,1775257343,Neuro Stepdown,19,,,,,,,,,,,,,,,,,,,,,,,,,20,,,,,,,,
2026-10-05 09:00:00,1775257343,Neuro Stepdown,20,,,,,,,,,,,,,,,,,,,,,,,,,20,,,,,,,,
2026-10-05 10:00:00,1775257343,Neuro Stepdown,20,,,,,,,,,,,,,,,,,,,,,,,,,20,,,,,,,,
2026-10-05 11:00:00,1775257343,Neuro Stepdown,19,,,,,,,,,,,,,,,,,,,,,,,,,20,,,,,,,,
2026-10-05 12:00:00,1775257343,Neuro Stepdown,20,,,,,,,,,,,,,,,,,,,,,,,,,20,,,,,,,,
2026-10-05 13:00:00,1775257343,Neuro Stepdown,19,,,,,,,,,,,,,,,,,,,,,,,,,20,,,,,,,,
2026-10-05 14:00:00,1775257343,Neuro Stepdown,20,,,,,,,,,,,,,,,,,,,,,,,,,20,,,,,,,,
2026-10-05 15:00:00,1775257343,Neuro Stepdown,15,,,,,,,,,,,,,,,,,,,,,,,,,20,,,,,,,,
2026-10-05 16:00:00,1775257343,Neuro Stepdown,15,,,,,,,,,,,,,,,,,,,,,,,,,20,,,,,,,,
2026-10-05 17:00:00,1775257343,Neuro Stepdown,20,,,,,,,,,,,,,,,,,,,,,,,,,20,,,,,,,,
2026-10-05 18:00:00,1775257343,Neuro Stepdown,19,,,,,,,,,,,,,,,,,,,,,,,,,20,,,,,,,,
2026-10-05 19:00:00,1775257343,Neuro Stepdown,17,,,,,,,,,,,,,,,,,,,,,,,,,20,,,,,,,,
2026-10-05 20:00:00,1775257343,Neuro Stepdown,19,,,,,,,,,,,,,,,,,,,,,,,,,20,,,,,,,,
2026-10-05 21:00:00,1775257343,Neuro Stepdown,19,,,,,,,,,,,,,,,,,,,,,,,,,20,,,,,,,,
2026-10-05 22:00:00,1775257343,Neuro Stepdown,19,,,,,,,,,,,,,,,,,,,,,,,,,20,,,,,,,,
2026-10-05 23:00:00,1775257343,Neuro Stepdown,19,,,,,,,,,,,,,,,,,,,,,,,,,20,,,,,,,,
2026-10-06 00:00:00,1775257343,Neuro Stepdown,19,,,,,,,,,,,,,,,,,,,,,,,,,20,,,,,,,,
2026-10-06 01:00:00,1775257343,Neuro Stepdown,17,,,,,,,,,,,,,,,,,,,,,,,,,20,,,,,,,,
2026-10-06 02:00:00,1775257343,Neuro Stepdown,18,,,,,,,,,,,,,,,,,,,,,,,,,20,,,,,,,,
2026-10-06 03:00:00,1775257343,Neuro Stepdown,19,,,,,,,,,,,,,,,,,,,,,,,,,20,,,,,,,,
2026-10-06 04:00:00,1775257343,Neuro Stepdown,20,,,,,,,,,,,,,,,,,,,,,,,,,20,,,,,,,,
2026-10-06 05:00:00,1775257343,Neuro Stepdown,19,,,,,,,,,,,,,,,,,,,,,,,,,20,,,,,,,,
2026-10-06 06:00:00,1775257343,Neuro Stepdown,16,,,,,,,,,,,,,,,,,,,,,,,,,20,,,,,,,,
2026-10-06 07:00:00,1775257343,Neuro Stepdown,20,,,,,,,,,,,,,,,,,,,,,,,,,20,,,,,,,,
2026-10-06 08:00:00,1775257343,Neuro Stepdown,19,,,,,,,,,,,,,,,,,,,,,,,,,20,,,,,,,,
2026-10-06 09:00:00,1775257343,Neuro Stepdown,18,,,,,,,,,,,,,,,,,,,,,,,,,20,,,,,,,,
2026-10-06 10:00:00,1775257343,Neuro Stepdown,19,,,,,,,,,,,,,,,,,,,,,,,,,20,,,,,,,,
2026-10-06 11:00:00,1775257343,Neuro Stepdown,19,,,,,,,,,,,,,,,,,,,,,,,,,20,,,,,,,,
2026-10-06 12:00:00,1775257343,Neuro Stepdown,19,,,,,,,,,,,,,,,,,,,,,,,,,20,,,,,,,,
2026-10-06 13:00:00,1775257343,Neuro Stepdown,18,,,,,,,,,,,,,,,,,,,,,,,,,20,,,,,,,,
2026-10-06 14:00:00,1775257343,Neuro Stepdown,18,,,,,,,,,,,,,,,,,,,,,,,,,20,,,,,,,,
2026-10-06 15:00:00,1775257343,Neuro Stepdown,18,,,,,,,,,,,,,,,,,,,,,,,,,20,,,,,,,,
2026-10-06 16:00:00,1775257343,Neuro Stepdown,20,,,,,,,,,,,,,,,,,,,,,,,,,20,,,,,,,,
2026-10-06 17:00:00,1775257343,Neuro Stepdown,18,,,,,,,,,,,,,,,,,,,,,,,,,20,,,,,,,,
2026-10-06 18:00:00,1775257343,Neuro Stepdown,17,,,,,,,,,,,,,,,,,,,,,,,,,20,,,,,,,,
2026-10-06 19:00:00,1775257343,Neuro Stepdown,19,,,,,,,,,,,,,,,,,,,,,,,,,20,,,,,,,,
2026-10-06 20:00:00,1775257343,Neuro Stepdown,18,,,,,,,,,,,,,,,,,,,,,,,,,20,,,,,,,,
2026-10-06 21:00:00,1775257343,Neuro Stepdown,14,,,,,,,,,,,,,,,,,,,,,,,,,20,,,,,,,,
2026-10-06 22:00:00,1775257343,Neuro Stepdown,18,,,,,,,,,,,,,,,,,,,,,,,,,20,,,,,,,,
2026-10-06 23:00:00,1775257343,Neuro Stepdown,20,,,,,,,,,,,,,,,,,,,,,,,,,20,,,,,,,,
2026-10-07 00:00:00,1775257343,Neuro Stepdown,20,,,,,,,,,,,,,,,,,,,,,,,,,20,,,,,,,,
2026-10-07 01:00:00,1775257343,Neuro Stepdown,18,,,,,,,,,,,,,,,,,,,,,,,,,20,,,,,,,,
2026-10-07 02:00:00,1775257343,Neuro Stepdown,19,,,,,,,,,,,,,,,,,,,,,,,,,20,,,,,,,,
2026-10-07 03:00:00,1775257343,Neuro Stepdown,15,,,,,,,,,,,,,,,,,,,,,,,,,20,,,,,,,,
2026-10-07 04:00:00,1775257343,Neuro Stepdown,19,,,,,,,,,,,,,,,,,,,,,,,,,20,,,,,,,,
2026-10-07 05:00:00,1775257343,Neuro Stepdown,17,,,,,,,,,,,,,,,,,,,,,,,,,20,,,,,,,,
2026-10-07 06:00:00,1775257343,Neuro Stepdown,16,,,,,,,,,,,,,,,,,,,,,,,,,20,,,,,,,,
2026-10-07 07:00:00,1775257343,Neuro Stepdown,19,,,,,,,,,,,,,,,,,,,,,,,,,20,,,,,,,,
2026-10-07 08:00:00,1775257343,Neuro Stepdown,19,,,,,,,,,,,,,,,,,,,,,,,,,20,,,,,,,,
2026-10-07 09:00:00,1775257343,Neuro Stepdown,20,,,,,,,,,,,,,,,,,,,,,,,,,20,,,,,,,,
2026-10-07 10:00:00,1775257343,Neuro Stepdown,16,,,,,,,,,,,,,,,,,,,,,,,,,20,,,,,,,,
2026-10-07 11:00:00,1775257343,Neuro Stepdown,20,,,,,,,,,,,,,,,,,,,,,,,,,20,,,,,,,,
2026-10-07 12:00:00,1775257343,Neuro Stepdown,15,,,,,,,,,,,,,,,,,,,,,,,,,20,,,,,,,,
2026-10-07 13:00:00,1775257343,Neuro Stepdown,19,,,,,,,,,,,,,,,,,,,,,,,,,20,,,,,,,,
2026-10-07 14:00:00,1775257343,Neuro Stepdown,18,,,,,,,,,,,,,,,,,,,,,,,,,20,,,,,,,,
2026-10-07 15:00:00,1775257343,Neuro Stepdown,18,,,,,,,,,,,,,,,,,,,,,,,,,20,,,,,,,,
2026-10-07 16:00:00,1775257343,Neuro Stepdown,20,,,,,,,,,,,,,,,,,,,,,,,,,20,,,,,,,,
2026-10-07 17:00:00,1775257343,Neuro Stepdown,19,,,,,,,,,,,,,,,,,,,,,,,,,20,,,,,,,,
2026-10-07 18:00:00,1775257343,Neuro Stepdown,19,,,,,,,,,,,,,,,,,,,,,,,,,20,,,,,,,,
2026-10-07 19:00:00,1775257343,Neuro Stepdown,20,,,,,,,,,,,,,,,,,,,,,,,,,20,,,,,,,,
2026-10-07 20:00:00,1775257343,Neuro Stepdown,15,,,,,,,,,,,,,,,,,,,,,,,,,20,,,,,,,,
2026-10-07 21:00:00,1775257343,Neuro Stepdown,19,,,,,,,,,,,,,,,,,,,,,,,,,20,,,,,,,,
2026-10-07 22:00:00,1775257343,Neuro Stepdown,20,,,,,,,,,,,,,,,,,,,,,,,,,20,,,,,,,,
2026-10-07 23:00:00,1775257343,Neuro Stepdown,18,,,,,,,,,,,,,,,,,,,,,,,,,20,,,,,,,,
2026-10-08 00:00:00,1775257343,Neuro Stepdown,18,,,,,,,,,,,,,,,,,,,,,,,,,20,,,,,,,,
2026-10-08 01:00:00,1775257343,Neuro Stepdown,19,,,,,,,,,,,,,,,,,,,,,,,,,20,,,,,,,,
2026-10-08 02:00:00,1775257343,Neuro Stepdown,17,,,,,,,,,,,,,,,,,,,,,,,,,20,,,,,,,,
2026-10-08 03:00:00,1775257343,Neuro Stepdown,17,,,,,,,,,,,,,,,,,,,,,,,,,20,,,,,,,,
2026-10-08 04:00:00,1775257343,Neuro Stepdown,19,,,,,,,,,,,,,,,,,,,,,,,,,20,,,,,,,,
2026-10-08 05:00:00,1775257343,Neuro Stepdown,20,,,,,,,,,,,,,,,,,,,,,,,,,20,,,,,,,,
2026-10-08 06:00:00,1775257343,Neuro Stepdown,18,,,,,,,,,,,,,,,,,,,,,,,,,20,,,,,,,,
2026-10-08 07:00:00,1775257343,Neuro Stepdown,15,,,,,,,,,,,,,,,,,,,,,,,,,20,,,,,,,,
2026-10-08 08:00:00,1775257343,Neuro Stepdown,19,,,,,,,,,,,,,,,,,,,,,,,,,20,,,,,,,,
2026-10-08 09:00:00,1775257343,Neuro Stepdown,18,,,,,,,,,,,,,,,,,,,,,,,,,20,,,,,,,,
2026-10-08 10:00:00,1775257343,Neuro Stepdown,18,,,,,,,,,,,,,,,,,,,,,,,,,20,,,,,,,,
2026-10-08 11:00:00,1775257343,Neuro Stepdown,20,,,,,,,,,,,,,,,,,,,,,,,,,20,,,,,,,,
2026-10-08 12:00:00,1775257343,Neuro Stepdown,17,,,,,,,,,,,,,,,,,,,,,,,,,20,,,,,,,,
2026-10-08 13:00:00,1775257343,Neuro Stepdown,17,,,,,,,,,,,,,,,,,,,,,,,,,20,,,,,,,,
2026-10-08 14:00:00,1775257343,Neuro Stepdown,19,,,,,,,,,,,,,,,,,,,,,,,,,20,,,,,,,,
2026-10-08 15:00:00,1775257343,Neuro Stepdown,18,,,,,,,,,,,,,,,,,,,,,,,,,20,,,,,,,,
2026-10-08 16:00:00,1775257343,Neuro Stepdown,17,,,,,,,,,,,,,,,,,,,,,,,,,20,,,,,,,,
2026-10-08 17:00:00,1775257343,Neuro Stepdown,14,,,,,,,,,,,,,,,,,,,,,,,,,20,,,,,,,,
2026-10-08 18:00:00,1775257343,Neuro Stepdown,16,,,,,,,,,,,,,,,,,,,,,,,,,20,,,,,,,,
2026-10-08 19:00:00,1775257343,Neuro Stepdown,18,,,,,,,,,,,,,,,,,,,,,,,,,20,,,,,,,,
2026-10-08 20:00:00,1775257343,Neuro Stepdown,17,,,,,,,,,,,,,,,,,,,,,,,,,20,,,,,,,,
2026-10-08 21:00:00,1775257343,Neuro Stepdown,15,,,,,,,,,,,,,,,,,,,,,,,,,20,,,,,,,,
2026-10-08 22:00:00,1775257343,Neuro Stepdown,17,,,,,,,,,,,,,,,,,,,,,,,,,20,,,,,,,,
2026-10-08 23:00:00,1775257343,Neuro Stepdown,19,,,,,,,,,,,,,,,,,,,,,,,,,20,,,,,,,,
2026-10-09 00:00:00,1775257343,Neuro Stepdown,17,,,,,,,,,,,,,,,,,,,,,,,,,20,,,,,,,,
2026-10-09 01:00:00,1775257343,Neuro Stepdown,15,,,,,,,,,,,,,,,,,,,,,,,,,20,,,,,,,,
2026-10-09 02:00:00,1775257343,Neuro Stepdown,20,,,,,,,,,,,,,,,,,,,,,,,,,20,,,,,,,,
2026-10-09 03:00:00,1775257343,Neuro Stepdown,19,,,,,,,,,,,,,,,,,,,,,,,,,20,,,,,,,,
2026-10-09 04:00:00,1775257343,Neuro Stepdown,20,,,,,,,,,,,,,,,,,,,,,,,,,20,,,,,,,,
2026-10-09 05:00:00,1775257343,Neuro Stepdown,17,,,,,,,,,,,,,,,,,,,,,,,,,20,,,,,,,,
2026-10-09 06:00:00,1775257343,Neuro Stepdown,20,,,,,,,,,,,,,,,,,,,,,,,,,20,,,,,,,,
2026-10-09 07:00:00,1775257343,Neuro Stepdown,18,,,,,,,,,,,,,,,,,,,,,,,,,20,,,,,,,,
2026-10-09 08:00:00,1775257343,Neuro Stepdown,16,,,,,,,,,,,,,,,,,,,,,,,,,20,,,,,,,,
2026-10-09 09:00:00,1775257343,Neuro Stepdown,18,,,,,,,,,,,,,,,,,,,,,,,,,20,,,,,,,,
2026-10-09 10:00:00,1775257343,Neuro Stepdown,16,,,,,,,,,,,,,,,,,,,,,,,,,20,,,,,,,,
2026-10-09 11:00:00,1775257343,Neuro Stepdown,19,,,,,,,,,,,,,,,,,,,,,,,,,20,,,,,,,,
2026-10-09 12:00:00,1775257343,Neuro Stepdown,16,,,,,,,,,,,,,,,,,,,,,,,,,20,,,,,,,,
2026-10-09 13:00:00,1775257343,Neuro Stepdown,16,,,,,,,,,,,,,,,,,,,,,,,,,20,,,,,,,,
2026-10-09 14:00:00,1775257343,Neuro Stepdown,17,,,,,,,,,,,,,,,,,,,,,,,,,20,,,,,,,,
2026-10-09 15:00:00,1775257343,Neuro Stepdown,17,,,,,,,,,,,,,,,,,,,,,,,,,20,,,,,,,,
2026-10-09 16:00:00,1775257343,Neuro Stepdown,18,,,,,,,,,,,,,,,,,,,,,,,,,20,,,,,,,,
2026-10-09 17:00:00,1775257343,Neuro Stepdown,20,,,,,,,,,,,,,,,,,,,,,,,,,20,,,,,,,,
2026-10-09 18:00:00,1775257343,Neuro Stepdown,19,16.5,15.5,17.5,16.7,15.0,18.4,16.0,14.0,18.0,16.3,14.1,18.5,16.8,14.4,19.2,15.2,12.9,17.5,15.1,12.6,17.6,16.2,13.7,18.7,20,0,0,0,0,0,0,0,0
2026-10-02 18:00:00,4452986337,Medical-Surgical 4 South,12,,,,,,,,,,,,,,,,,,,,,,,,,14,,,,,,,,
2026-10-02 19:00:00,4452986337,Medical-Surgical 4 South,13,,,,,,,,,,,,,,,,,,,,,,,,,14,,,,,,,,
2026-10-02 20:00:00,4452986337,Medical-Surgical 4 South,13,,,,,,,,,,,,,,,,,,,,,,,,,14,,,,,,,,
2026-10-02 21:00:00,4452986337,Medical-Surgical 4 South,12,,,,,,,,,,,,,,,,,,,,,,,,,14,,,,,,,,
2026-10-02 22:00:00,4452986337,Medical-Surgical 4 South,9,,,,,,,,,,,,,,,,,,,,,,,,,14,,,,,,,,
2026-10-02 23:00:00,4452986337,Medical-Surgical 4 South,11,,,,,,,,,,,,,,,,,,,,,,,,,14,,,,,,,,
2026-10-03 00:00:00,4452986337,Medical-Surgical 4 South,13,,,,,,,,,,,,,,,,,,,,,,,,,14,,,,,,,,
2026-10-03 01:00:00,4452986337,Medical-Surgical 4 South,12,,,,,,,,,,,,,,,,,,,,,,,,,14,,,,,,,,
2026-10-03 02:00:00,4452986337,Medical-Surgical 4 South,13,,,,,,,,,,,,,,,,,,,,,,,,,14,,,,,,,,
2026-10-03 03:00:00,4452986337,Medical-Surgical 4 South,12,,,,,,,,,,,,,,,,,,,,,,,,,14,,,,,,,,
2026-10-03 04:00:00,4452986337,Medical-Surgical 4 South,10,,,,,,,,,,,,,,,,,,,,,,,,,14,,,,,,,,
2026-10-03 05:00:00,4452986337,Medical-Surgical 4 South,13,,,,,,,,,,,,,,,,,,,,,,,,,14,,,,,,,,
2026-10-03 06:00:00,4452986337,Medical-Surgical 4 South,13,,,,,,,,,,,,,,,,,,,,,,,,,14,,,,,,,,
2026-10-03 07:00:00,4452986337,Medical-Surgical 4 South,13,,,,,,,,,,,,,,,,,,,,,,,,,14,,,,,,,,
2026-10-03 08:00:00,4452986337,Medical-Surgical 4 South,13,,,,,,,,,,,,,,,,,,,,,,,,,14,,,,,,,,
2026-10-03 09:00:00,4452986337,Medical-Surgical 4 South,13,,,,,,,,,,,,,,,,,,,,,,,,,14,,,,,,,,
2026-10-03 10:00:00,4452986337,Medical-Surgical 4 South,13,,,,,,,,,,,,,,,,,,,,,,,,,14,,,,,,,,
2026-10-03 11:00:00,4452986337,Medical-Surgical 4 South,13,,,,,,,,,,,,,,,,,,,,,,,,,14,,,,,,,,
2026-10-03 12:00:00,4452986337,Medical-Surgical 4 South,12,,,,,,,,,,,,,,,,,,,,,,,,,14,,,,,,,,
2026-10-03 13:00:00,4452986337,Medical-Surgical 4 South,13,,,,,,,,,,,,,,,,,,,,,,,,,14,,,,,,,,
2026-10-03 14:00:00,4452986337,Medical-Surgical 4 South,12,,,,,,,,,,,,,,,,,,,,,,,,,14,,,,,,,,
2026-10-03 15:00:00,4452986337,Medical-Surgical 4 South,13,,,,,,,,,,,,,,,,,,,,,,,,,14,,,,,,,,
2026-10-03 16:00:00,4452986337,Medical-Surgical 4 South,13,,,,,,,,,,,,,,,,,,,,,,,,,14,,,,,,,,
2026-10-03 17:00:00,4452986337,Medical-Surgical 4 South,9,,,,,,,,,,,,,,,,,,,,,,,,,14,,,,,,,,
2026-10-03 18:00:00,4452986337,Medical-Surgical 4 South,10,,,,,,,,,,,,,,,,,,,,,,,,,14,,,,,,,,
2026-10-03 19:00:00,4452986337,Medical-Surgical 4 South,9,,,,,,,,,,,,,,,,,,,,,,,,,14,,,,,,,,
2026-10-03 20:00:00,4452986337,Medical-Surgical 4 South,13,,,,,,,,,,,,,,,,,,,,,,,,,14,,,,,,,,
2026-10-03 21:00:00,4452986337,Medical-Surgical 4 South,14,,,,,,,,,,,,,,,,,,,,,,,,,14,,,,,,,,
2026-10-03 22:00:00,4452986337,Medical-Surgical 4 South,11,,,,,,,,,,,,,,,,,,,,,,,,,14,,,,,,,,
2026-10-03 23:00:00,4452986337,Medical-Surgical 4 South,11,,,,,,,,,,,,,,,,,,,,,,,,,14,,,,,,,,
2026-10-04 00:00:00,4452986337,Medical-Surgical 4 South,12,,,,,,,,,,,,,,,,,,,,,,,,,14,,,,,,,,
2026-10-04 01:00:00,4452986337,Medical-Surgical 4 South,13,,,,,,,,,,,,,,,,,,,,,,,,,14,,,,,,,,
2026-10-04 02:00:00,4452986337,Medical-Surgical 4 South,12,,,,,,,,,,,,,,,,,,,,,,,,,14,,,,,,,,
2026-10-04 03:00:00,4452986337,Medical-Surgical 4 South,13,,,,,,,,,,,,,,,,,,,,,,,,,14,,,,,,,,
2026-10-04 04:00:00,4452986337,Medical-Surgical 4 South,11,,,,,,,,,,,,,,,,,,,,,,,,,14,,,,,,,,
2026-10-04 05:00:00,4452986337,Medical-Surgical 4 South,13,,,,,,,,,,,,,,,,,,,,,,,,,14,,,,,,,,
2026-10-04 06:00:00,4452986337,Medical-Surgical 4 South,13,,,,,,,,,,,,,,,,,,,,,,,,,14,,,,,,,,
2026-10-04 07:00:00,4452986337,Medical-Surgical 4 South,12,,,,,,,,,,,,,,,,,,,,,,,,,14,,,,,,,,
2026-10-04 08:00:00,4452986337,Medical-Surgical 4 South,12,,,,,,,,,,,,,,,,,,,,,,,,,14,,,,,,,,
2026-10-04 09:00:00,4452986337,Medical-Surgical 4 South,13,,,,,,,,,,,,,,,,,,,,,,,,,14,,,,,,,,
2026-10-04 10:00:00,4452986337,Medical-Surgical 4 South,12,,,,,,,,,,,,,,,,,,,,,,,,,14,,,,,,,,
2026-10-04 11:00:00,4452986337,Medical-Surgical 4 South,11,,,,,,,,,,,,,,,,,,,,,,,,,14,,,,,,,,
2026-10-04 12:00:00,4452986337,Medical-Surgical 4 South,14,,,,,,,,,,,,,,,,,,,,,,,,,14,,,,,,,,
2026-10-04 13:00:00,4452986337,Medical-Surgical 4 South,11,,,,,,,,,,,,,,,,,,,,,,,,,14,,,,,,,,
2026-10-04 14:00:00,4452986337,Medical-Surgical 4 South,9,,,,,,,,,,,,,,,,,,,,,,,,,14,,,,,,,,
2026-10-04 15:00:00,4452986337,Medical-Surgical 4 South,10,,,,,,,,,,,,,,,,,,,,,,,,,14,,,,,,,,
2026-10-04 16:00:00,4452986337,Medical-Surgical 4 South,13,,,,,,,,,,,,,,,,,,,,,,,,,14,,,,,,,,
2026-10-04 17:00:00,4452986337,Medical-Surgical 4 South,10,,,,,,,,,,,,,,,,,,,,,,,,,14,,,,,,,,
2026-10-04 18:00:00,4452986337,Medical-Surgical 4 South,13,,,,,,,,,,,,,,,,,,,,,,,,,14,,,,,,,,
2026-10-04 19:00:00,4452986337,Medical-Surgical 4 South,11,,,,,,,,,,,,,,,,,,,,,,,,,14,,,,,,,,
2026-10-04 20:00:00,4452986337,Medical-Surgical 4 South,13,,,,,,,,,,,,,,,,,,,,,,,,,14,,,,,,,,
2026-10-04 21:00:00,4452986337,Medical-Surgical 4 South,14,,,,,,,,,,,,,,,,,,,,,,,,,14,,,,,,,,
2026-10-04 22:00:00,4452986337,Medical-Surgical 4 South,11,,,,,,,,,,,,,,,,,,,,,,,,,14,,,,,,,,
2026-10-04 23:00:00,4452986337,Medical-Surgical 4 South,13,,,,,,,,,,,,,,,,,,,,,,,,,14,,,,,,,,
2026-10-05 00:00:00,4452986337,Medical-Surgical 4 South,12,,,,,,,,,,,,,,,,,,,,,,,,,14,,,,,,,,
2026-10-05 01:00:00,4452986337,Medical-Surgical 4 South,11,,,,,,,,,,,,,,,,,,,,,,,,,14,,,,,,,,
2026-10-05 02:00:00,4452986337,Medical-Surgical 4 South,13,,,,,,,,,,,,,,,,,,,,,,,,,14,,,,,,,,
2026-10-05 03:00:00,4452986337,Medical-Surgical 4 South,14,,,,,,,,,,,,,,,,,,,,,,,,,14,,,,,,,,
2026-10-05 04:00:00,4452986337,Medical-Surgical 4 South,14,,,,,,,,,,,,,,,,,,,,,,,,,14,,,,,,,,
2026-10-05 05:00:00,4452986337,Medical-Surgical 4 South,14,,,,,,,,,,,,,,,,,,,,,,,,,14,,,,,,,,
2026-10-05 06:00:00,4452986337,Medical-Surgical 4 South,12,,,,,,,,,,,,,,,,,,,,,,,,,14,,,,,,,,
2026-10-05 07:00:00,4452986337,Medical-Surgical 4 South,13,,,,,,,,,,,,,,,,,,,,,,,,,14,,,,,,,,
2026-10-05 08:00:00,4452986337,Medical-Surgical 4 South,10,,,,,,,,,,,,,,,,,,,,,,,,,14,,,,,,,,
2026-10-05 09:00:00,4452986337,Medical-Surgical 4 South,13,,,,,,,,,,,,,,,,,,,,,,,,,14,,,,,,,,
2026-10-05 10:00:00,4452986337,Medical-Surgical 4 South,13,,,,,,,,,,,,,,,,,,,,,,,,,14,,,,,,,,
2026-10-05 11:00:00,4452986337,Medical-Surgical 4 South,13,,,,,,,,,,,,,,,,,,,,,,,,,14,,,,,,,,
2026-10-05 12:00:00,4452986337,Medical-Surgical 4 South,13,,,,,,,,,,,,,,,,,,,,,,,,,14,,,,,,,,
2026-10-05 13:00:00,4452986337,Medical-Surgical 4 South,9,,,,,,,,,,,,,,,,,,,,,,,,,14,,,,,,,,
2026-10-05 14:00:00,4452986337,Medical-Surgical 4 South,12,,,,,,,,,,,,,,,,,,,,,,,,,14,,,,,,,,
2026-10-05 15:00:00,4452986337,Medical-Surgical 4 South,14,,,,,,,,,,,,,,,,,,,,,,,,,14,,,,,,,,
2026-10-05 16:00:00,4452986337,Medical-Surgical 4 South,13,,,,,,,,,,,,,,,,,,,,,,,,,14,,,,,,,,
2026-10-05 17:00:00,4452986337,Medical-Surgical 4 South,11,,,,,,,,,,,,,,,,,,,,,,,,,14,,,,,,,,
2026-10-05 18:00:00,4452986337,Medical-Surgical 4 South,14,,,,,,,,,,,,,,,,,,,,,,,,,14,,,,,,,,
2026-10-05 19:00:00,4452986337,Medical-Surgical 4 South,9,,,,,,,,,,,,,,,,,,,,,,,,,14,,,,,,,,
2026-10-05 20:00:00,4452986337,Medical-Surgical 4 South,14,,,,,,,,,,,,,,,,,,,,,,,,,14,,,,,,,,
2026-10-05 21:00:00,4452986337,Medical-Surgical 4 South,11,,,,,,,,,,,,,,,,,,,,,,,,,14,,,,,,,,
2026-10-05 22:00:00,4452986337,Medical-Surgical 4 South,10,,,,,,,,,,,,,,,,,,,,,,,,,14,,,,,,,,
2026-10-05 23:00:00,4452986337,Medical-Surgical 4 South,13,,,,,,,,,,,,,,,,,,,,,,,,,14,,,,,,,,
2026-10-06 00:00:00,4452986337,Medical-Surgical 4 South,10,,,,,,,,,,,,,,,,,,,,,,,,,14,,,,,,,,
2026-10-06 01:00:00,4452986337,Medical-Surgical 4 South,13,,,,,,,,,,,,,,,,,,,,,,,,,14,,,,,,,,
2026-10-06 02:00:00,4452986337,Medical-Surgical 4 South,13,,,,,,,,,,,,,,,,,,,,,,,,,14,,,,,,,,
2026-10-06 03:00:00,4452986337,Medical-Surgical 4 South,14,,,,,,,,,,,,,,,,,,,,,,,,,14,,,,,,,,
2026-10-06 04:00:00,4452986337,Medical-Surgical 4 South,13,,,,,,,,,,,,,,,,,,,,,,,,,14,,,,,,,,
2026-10-06 05:00:00,4452986337,Medical-Surgical 4 South,12,,,,,,,,,,,,,,,,,,,,,,,,,14,,,,,,,,
2026-10-06 06:00:00,4452986337,Medical-Surgical 4 South,13,,,,,,,,,,,,,,,,,,,,,,,,,14,,,,,,,,
2026-10-06 07:00:00,4452986337,Medical-Surgical 4 South,13,,,,,,,,,,,,,,,,,,,,,,,,,14,,,,,,,,
2026-10-06 08:00:00,4452986337,Medical-Surgical 4 South,11,,,,,,,,,,,,,,,,,,,,,,,,,14,,,,,,,,
2026-10-06 09:00:00,4452986337,Medical-Surgical 4 South,14,,,,,,,,,,,,,,,,,,,,,,,,,14,,,,,,,,
2026-10-06 10:00:00,4452986337,Medical-Surgical 4 South,13,,,,,,,,,,,,,,,,,,,,,,,,,14,,,,,,,,
2026-10-06 11:00:00,4452986337,Medical-Surgical 4 South,13,,,,,,,,,,,,,,,,,,,,,,,,,14,,,,,,,,
2026-10-06 12:00:00,4452986337,Medical-Surgical 4 South,13,,,,,,,,,,,,,,,,,,,,,,,,,14,,,,,,,,
2026-10-06 13:00:00,4452986337,Medical-Surgical 4 South,13,,,,,,,,,,,,,,,,,,,,,,,,,14,,,,,,,,
2026-10-06 14:00:00,4452986337,Medical-Surgical 4 South,13,,,,,,,,,,,,,,,,,,,,,,,,,14,,,,,,,,
2026-10-06 15:00:00,4452986337,Medical-Surgical 4 South,12,,,,,,,,,,,,,,,,,,,,,,,,,14,,,,,,,,
2026-10-06 16:00:00,4452986337,Medical-Surgical 4 South,12,,,,,,,,,,,,,,,,,,,,,,,,,14,,,,,,,,
2026-10-06 17:00:00,4452986337,Medical-Surgical 4 South,10,,,,,,,,,,,,,,,,,,,,,,,,,14,,,,,,,,
2026-10-06 18:00:00,4452986337,Medical-Surgical 4 South,14,,,,,,,,,,,,,,,,,,,,,,,,,14,,,,,,,,
2026-10-06 19:00:00,4452986337,Medical-Surgical 4 South,14,,,,,,,,,,,,,,,,,,,,,,,,,14,,,,,,,,
2026-10-06 20:00:00,4452986337,Medical-Surgical 4 South,12,,,,,,,,,,,,,,,,,,,,,,,,,14,,,,,,,,
2026-10-06 21:00:00,4452986337,Medical-Surgical 4 South,13,,,,,,,,,,,,,,,,,,,,,,,,,14,,,,,,,,
2026-10-06 22:00:00,4452986337,Medical-Surgical 4 South,14,,,,,,,,,,,,,,,,,,,,,,,,,14,,,,,,,,
2026-10-06 23:00:00,4452986337,Medical-Surgical 4 South,14,,,,,,,,,,,,,,,,,,,,,,,,,14,,,,,,,,
2026-10-07 00:00:00,4452986337,Medical-Surgical 4 South,13,,,,,,,,,,,,,,,,,,,,,,,,,14,,,,,,,,
2026-10-07 01:00:00,4452986337,Medical-Surgical 4 South,12,,,,,,,,,,,,,,,,,,,,,,,,,14,,,,,,,,
2026-10-07 02:00:00,4452986337,Medical-Surgical 4 South,13,,,,,,,,,,,,,,,,,,,,,,,,,14,,,,,,,,
2026-10-07 03:00:00,4452986337,Medical-Surgical 4 South,13,,,,,,,,,,,,,,,,,,,,,,,,,14,,,,,,,,
2026-10-07 04:00:00,4452986337,Medical-Surgical 4 South,13,,,,,,,,,,,,,,,,,,,,,,,,,14,,,,,,,,
2026-10-07 05:00:00,4452986337,Medical-Surgical 4 South,13,,,,,,,,,,,,,,,,,,,,,,,,,14,,,,,,,,
2026-10-07 06:00:00,4452986337,Medical-Surgical 4 South,12,,,,,,,,,,,,,,,,,,,,,,,,,14,,,,,,,,
2026-10-07 07:00:00,4452986337,Medical-Surgical 4 South,13,,,,,,,,,,,,,,,,,,,,,,,,,14,,,,,,,,
2026-10-07 08:00:00,4452986337,Medical-Surgical 4 South,13,,,,,,,,,,,,,,,,,,,,,,,,,14,,,,,,,,
2026-10-07 09:00:00,4452986337,Medical-Surgical 4 South,12,,,,,,,,,,,,,,,,,,,,,,,,,14,,,,,,,,
2026-10-07 10:00:00,4452986337,Medical-Surgical 4 South,14,,,,,,,,,,,,,,,,,,,,,,,,,14,,,,,,,,
2026-10-07 11:00:00,4452986337,Medical-Surgical 4 South,10,,,,,,,,,,,,,,,,,,,,,,,,,14,,,,,,,,
2026-10-07 12:00:00,4452986337,Medical-Surgical 4 South,14,,,,,,,,,,,,,,,,,,,,,,,,,14,,,,,,,,
2026-10-07 13:00:00,4452986337,Medical-Surgical 4 South,11,,,,,,,,,,,,,,,,,,,,,,,,,14,,,,,,,,
2026-10-07 14:00:00,4452986337,Medical-Surgical 4 South,13,,,,,,,,,,,,,,,,,,,,,,,,,14,,,,,,,,
2026-10-07 15:00:00,4452986337,Medical-Surgical 4 South,13,,,,,,,,,,,,,,,,,,,,,,,,,14,,,,,,,,
2026-10-07 16:00:00,4452986337,Medical-Surgical 4 South,13,,,,,,,,,,,,,,,,,,,,,,,,,14,,,,,,,,
2026-10-07 17:00:00,4452986337,Medical-Surgical 4 South,13,,,,,,,,,,,,,,,,,,,,,,,,,14,,,,,,,,
2026-10-07 18:00:00,4452986337,Medical-Surgical 4 South,11,,,,,,,,,,,,,,,,,,,,,,,,,14,,,,,,,,
2026-10-07 19:00:00,4452986337,Medical-Surgical 4 South,13,,,,,,,,,,,,,,,,,,,,,,,,,14,,,,,,,,
2026-10-07 20:00:00,4452986337,Medical-Surgical 4 South,10,,,,,,,,,,,,,,,,,,,,,,,,,14,,,,,,,,
2026-10-07 21:00:00,4452986337,Medical-Surgical 4 South,13,,,,,,,,,,,,,,,,,,,,,,,,,14,,,,,,,,
2026-10-07 22:00:00,4452986337,Medical-Surgical 4 South,13,,,,,,,,,,,,,,,,,,,,,,,,,14,,,,,,,,
2026-10-07 23:00:00,4452986337,Medical-Surgical 4 South,11,,,,,,,,,,,,,,,,,,,,,,,,,14,,,,,,,,
2026-10-08 00:00:00,4452986337,Medical-Surgical 4 South,14,,,,,,,,,,,,,,,,,,,,,,,,,14,,,,,,,,
2026-10-08 01:00:00,4452986337,Medical-Surgical 4 South,12,,,,,,,,,,,,,,,,,,,,,,,,,14,,,,,,,,
2026-10-08 02:00:00,4452986337,Medical-Surgical 4 South,13,,,,,,,,,,,,,,,,,,,,,,,,,14,,,,,,,,
2026-10-08 03:00:00,4452986337,Medical-Surgical 4 South,13,,,,,,,,,,,,,,,,,,,,,,,,,14,,,,,,,,
2026-10-08 04:00:00,4452986337,Medical-Surgical 4 South,13,,,,,,,,,,,,,,,,,,,,,,,,,14,,,,,,,,
2026-10-08 05:00:00,4452986337,Medical-Surgical 4 South,14,,,,,,,,,,,,,,,,,,,,,,,,,14,,,,,,,,
2026-10-08 06:00:00,4452986337,Medical-Surgical 4 South,13,,,,,,,,,,,,,,,,,,,,,,,,,14,,,,,,,,
2026-10-08 07:00:00,4452986337,Medical-Surgical 4 South,14,,,,,,,,,,,,,,,,,,,,,,,,,14,,,,,,,,
2026-10-08 08:00:00,4452986337,Medical-Surgical 4 South,14,,,,,,,,,,,,,,,,,,,,,,,,,14,,,,,,,,
2026-10-08 09:00:00,4452986337,Medical-Surgical 4 South,10,,,,,,,,,,,,,,,,,,,,,,,,,14,,,,,,,,
2026-10-08 10:00:00,4452986337,Medical-Surgical 4 South,13,,,,,,,,,,,,,,,,,,,,,,,,,14,,,,,,,,
2026-10-08 11:00:00,4452986337,Medical-Surgical 4 South,13,,,,,,,,,,,,,,,,,,,,,,,,,14,,,,,,,,
2026-10-08 12:00:00,4452986337,Medical-Surgical 4 South,13,,,,,,,,,,,,,,,,,,,,,,,,,14,,,,,,,,
2026-10-08 13:00:00,4452986337,Medical-Surgical 4 South,10,,,,,,,,,,,,,,,,,,,,,,,,,14,,,,,,,,
2026-10-08 14:00:00,4452986337,Medical-Surgical 4 South,12,,,,,,,,,,,,,,,,,,,,,,,,,14,,,,,,,,
2026-10-08 15:00:00,4452986337,Medical-Surgical 4 South,13,,,,,,,,,,,,,,,,,,,,,,,,,14,,,,,,,,
2026-10-08 16:00:00,4452986337,Medical-Surgical 4 South,12,,,,,,,,,,,,,,,,,,,,,,,,,14,,,,,,,,
2026-10-08 17:00:00,4452986337,Medical-Surgical 4 South,14,,,,,,,,,,,,,,,,,,,,,,,,,14,,,,,,,,
2026-10-08 18:00:00,4452986337,Medical-Surgical 4 South,14,,,,,,,,,,,,,,,,,,,,,,,,,14,,,,,,,,
2026-10-08 19:00:00,4452986337,Medical-Surgical 4 South,14,,,,,,,,,,,,,,,,,,,,,,,,,14,,,,,,,,
2026-10-08 20:00:00,4452986337,Medical-Surgical 4 South,14,,,,,,,,,,,,,,,,,,,,,,,,,14,,,,,,,,
2026-10-08 21:00:00,4452986337,Medical-Surgical 4 South,12,,,,,,,,,,,,,,,,,,,,,,,,,14,,,,,,,,
2026-10-08 22:00:00,4452986337,Medical-Surgical 4 South,12,,,,,,,,,,,,,,,,,,,,,,,,,14,,,,,,,,
2026-10-08 23:00:00,4452986337,Medical-Surgical 4 South,12,,,,,,,,,,,,,,,,,,,,,,,,,14,,,,,,,,
2026-10-09 00:00:00,4452986337,Medical-Surgical 4 South,13,,,,,,,,,,,,,,,,,,,,,,,,,14,,,,,,,,
2026-10-09 01:00:00,4452986337,Medical-Surgical 4 South,12,,,,,,,,,,,,,,,,,,,,,,,,,14,,,,,,,,
2026-10-09 02:00:00,4452986337,Medical-Surgical 4 South,11,,,,,,,,,,,,,,,,,,,,,,,,,14,,,,,,,,
2026-10-09 03:00:00,4452986337,Medical-Surgical 4 South,13,,,,,,,,,,,,,,,,,,,,,,,,,14,,,,,,,,
2026-10-09 04:00:00,4452986337,Medical-Surgical 4 South,10,,,,,,,,,,,,,,,,,,,,,,,,,14,,,,,,,,
2026-10-09 05:00:00,4452986337,Medical-Surgical 4 South,14,,,,,,,,,,,,,,,,,,,,,,,,,14,,,,,,,,
2026-10-09 06:00:00,4452986337,Medical-Surgical 4 South,10,,,,,,,,,,,,,,,,,,,,,,,,,14,,,,,,,,
2026-10-09 07:00:00,4452986337,Medical-Surgical 4 South,14,,,,,,,,,,,,,,,,,,,,,,,,,14,,,,,,,,
2026-10-09 08:00:00,4452986337,Medical-Surgical 4 South,11,,,,,,,,,,,,,,,,,,,,,,,,,14,,,,,,,,
2026-10-09 09:00:00,4452986337,Medical-Surgical 4 South,14,,,,,,,,,,,,,,,,,,,,,,,,,14,,,,,,,,
2026-10-09 10:00:00,4452986337,Medical-Surgical 4 South,14,,,,,,,,,,,,,,,,,,,,,,,,,14,,,,,,,,
2026-10-09 11:00:00,4452986337,Medical-Surgical 4 South,14,,,,,,,,,,,,,,,,,,,,,,,,,14,,,,,,,,
2026-10-09 12:00:00,4452986337,Medical-Surgical 4 South,13,,,,,,,,,,,,,,,,,,,,,,,,,14,,,,,,,,
2026-10-09 13:00:00,4452986337,Medical-Surgical 4 South,9,,,,,,,,,,,,,,,,,,,,,,,,,14,,,,,,,,
2026-10-09 14:00:00,4452986337,Medical-Surgical 4 South,14,,,,,,,,,,,,,,,,,,,,,,,,,14,,,,,,,,
2026-10-09 15:00:00,4452986337,Medical-Surgical 4 South,13,,,,,,,,,,,,,,,,,,,,,,,,,14,,,,,,,,
2026-10-09 16:00:00,4452986337,Medical-Surgical 4 South,14,,,,,,,,,,,,,,,,,,,,,,,,,14,,,,,,,,
2026-10-09 17:00:00,4452986337,Medical-Surgical 4 South,9,,,,,,,,,,,,,,,,,,,,,,,,,14,,,,,,,,
2026-10-09 18:00:00,4452986337,Medical-Surgical 4 South,13,11.1,10.1,12.1,11.1,9.5,12.7,11.7,9.8,13.6,11.3,9.2,13.4,11.5,9.2,13.8,10.8,8.5,13.1,10.7,8.4,13.0,11.4,9.1,13.7,14,0,0,0,0,0,0,0,0
