timestamp,unit_id,unit_name,value,value_lower,value_upper,series,horizon_h,capacity
2026-09-29 18:00:00,705089,Medical-Surgical 3 North,16.0,16.0,16.0,Actual,0,17
2026-09-29 19:00:00,705089,Medical-Surgical 3 North,16.0,16.0,16.0,Actual,0,17
2026-09-29 20:00:00,705089,Medical-Surgical 3 North,16.0,16.0,16.0,Actual,0,17
2026-09-29 21:00:00,705089,Medical-Surgical 3 North,16.0,16.0,16.0,Actual,0,17
2026-09-29 22:00:00,705089,Medical-Surgical 3 North,16.0,16.0,16.0,Actual,0,17
2026-09-29 23:00:00,705089,Medical-Surgical 3 North,15.0,15.0,15.0,Actual,0,17
2026-09-30 00:00:00,705089,Medical-Surgical 3 North,14.0,14.0,14.0,Actual,0,17
2026-09-30 01:00:00,705089,Medical-Surgical 3 North,15.0,15.0,15.0,Actual,0,17
2026-09-30 02:00:00,705089,Medical-Surgical 3 North,16.0,16.0,16.0,Actual,0,17
2026-09-30 03:00:00,705089,Medical-Surgical 3 North,12.0,12.0,12.0,Actual,0,17
2026-09-30 04:00:00,705089,Medical-Surgical 3 North,12.0,12.0,12.0,Actual,0,17
2026-09-30 05:00:00,705089,Medical-Surgical 3 North,16.0,16.0,16.0,Actual,0,17
2026-09-30 06:00:00,705089,Medical-Surgical 3 North,16.0,16.0,16.0,Actual,0,17
2026-09-30 07:00:00,705089,Medical-Surgical 3 North,13.0,13.0,13.0,Actual,0,17
2026-09-30 08:00:00,705089,Medical-Surgical 3 North,14.0,14.0,14.0,Actual,0,17
2026-09-30 09:00:00,705089,Medical-Surgical 3 North,17.0,17.0,17.0,Actual,0,17
2026-09-30 10:00:00,705089,Medical-Surgical 3 North,16.0,16.0,16.0,Actual,0,17
2026-09-30 11:00:00,705089,Medical-Surgical 3 North,17.0,17.0,17.0,Actual,0,17
2026-09-30 12:00:00,705089,Medical-Surgical 3 North,14.0,14.0,14.0,Actual,0,17
2026-09-30 13:00:00,705089,Medical-Surgical 3 North,12.0,12.0,12.0,Actual,0,17
2026-09-30 14:00:00,705089,Medical-Surgical 3 North,16.0,16.0,16.0,Actual,0,17
2026-09-30 15:00:00,705089,Medical-Surgical 3 North,14.0,14.0,14.0,Actual,0,17
2026-09-30 16:00:00,705089,Medical-Surgical 3 North,14.0,14.0,14.0,Actual,0,17
2026-09-30 17:00:00,705089,Medical-Surgical 3 North,17.0,17.0,17.0,Actual,0,17
2026-09-30 18:00:00,705089,Medical-Surgical 3 North,14.0,14.0,14.0,Actual,0,17
2026-09-30 19:00:00,705089,Medical-Surgical 3 North,17.0,17.0,17.0,Actual,0,17
2026-09-30 20:00:00,705089,Medical-Surgical 3 North,14.0,14.0,14.0,Actual,0,17
2026-09-30 21:00:00,705089,Medical-Surgical 3 North,15.0,15.0,15.0,Actual,0,17
2026-09-30 22:00:00,705089,Medical-Surgical 3 North,16.0,16.0,16.0,Actual,0,17
2026-09-30 23:00:00,705089,Medical-Surgical 3 North,17.0,17.0,17.0,Actual,0,17
2026-10-01 00:00:00,705089,Medical-Surgical 3 North,17.0,17.0,17.0,Actual,0,17
2026-10-01 01:00:00,705089,Medical-Surgical 3 North,16.0,16.0,16.0,Actual,0,17
2026-10-01 02:00:00,705089,Medical-Surgical 3 North,13.0,13.0,13.0,Actual,0,17
2026-10-01 03:00:00,705089,Medical-Surgical 3 North,13.0,13.0,13.0,Actual,0,17
2026-10-01 04:00:00,705089,Medical-Surgical 3 North,15.0,15.0,15.0,Actual,0,17
2026-10-01 05:00:00,705089,Medical-Surgical 3 North,16.0,16.0,16.0,Actual,0,17
2026-10-01 06:00:00,705089,Medical-Surgical 3 North,16.0,16.0,16.0,Actual,0,17
2026-10-01 07:00:00,705089,Medical-Surgical 3 North,16.0,16.0,16.0,Actual,0,17
2026-10-01 08:00:00,705089,Medical-Surgical 3 North,12.0,12.0,12.0,Actual,0,17
2026-10-01 09:00:00,705089,Medical-Surgical 3 North,17.0,17.0,17.0,Actual,0,17
2026-10-01 10:00:00,705089,Medical-Surgical 3 North,17.0,17.0,17.0,Actual,0,17
2026-10-01 11:00:00,705089,Medical-Surgical 3 North,17.0,17.0,17.0,Actual,0,17
2026-10-01 12:00:00,705089,Medical-Surgical 3 North,16.0,16.0,16.0,Actual,0,17
2026-10-01 13:00:00,705089,Medical-Surgical 3 North,15.0,15.0,15.0,Actual,0,17
2026-10-01 14:00:00,705089,Medical-Surgical 3 North,13.0,13.0,13.0,Actual,0,17
2026-10-01 15:00:00,705089,Medical-Surgical 3 North,12.0,12.0,12.0,Actual,0,17
2026-10-01 16:00:00,705089,Medical-Surgical 3 North,16.0,16.0,16.0,Actual,0,17
2026-10-01 17:00:00,705089,Medical-Surgical 3 North,12.0,12.0,12.0,Actual,0,17
2026-10-01 18:00:00,705089,Medical-Surgical 3 North,16.0,16.0,16.0,Actual,0,17
2026-10-01 19:00:00,705089,Medical-Surgical 3 North,13.0,13.0,13.0,Actual,0,17
2026-10-01 20:00:00,705089,Medical-Surgical 3 North,15.0,15.0,15.0,Actual,0,17
2026-10-01 21:00:00,705089,Medical-Surgical 3 North,13.0,13.0,13.0,Actual,0,17
2026-10-01 22:00:00,705089,Medical-Surgical 3 North,16.0,16.0,16.0,Actual,0,17
2026-10-01 23:00:00,705089,Medical-Surgical 3 North,16.0,16.0,16.0,Actual,0,17
2026-10-02 00:00:00,705089,Medical-Surgical 3 North,15.0,15.0,15.0,Actual,0,17
2026-10-02 01:00:00,705089,Medical-Surgical 3 North,14.0,14.0,14.0,Actual,0,17
2026-10-02 02:00:00,705089,Medical-Surgical 3 North,17.0,17.0,17.0,Actual,0,17
2026-10-02 03:00:00,705089,Medical-Surgical 3 North,17.0,17.0,17.0,Actual,0,17
2026-10-02 04:00:00,705089,Medical-Surgical 3 North,17.0,17.0,17.0,Actual,0,17
2026-10-02 05:00:00,705089,Medical-Surgical 3 North,17.0,17.0,17.0,Actual,0,17
2026-10-02 06:00:00,705089,Medical-Surgical 3 North,17.0,17.0,17.0,Actual,0,17
2026-10-02 07:00:00,705089,Medical-Surgical 3 North,16.0,16.0,16.0,Actual,0,17
2026-10-02 08:00:00,705089,Medical-Surgical 3 North,17.0,17.0,17.0,Actual,0,17
2026-10-02 09:00:00,705089,Medical-Surgical 3 North,15.0,15.0,15.0,Actual,0,17
2026-10-02 10:00:00,705089,Medical-Surgical 3 North,17.0,17.0,17.0,Actual,0,17
2026-10-02 11:00:00,705089,Medical-Surgical 3 North,16.0,16.0,16.0,Actual,0,17
2026-10-02 12:00:00,705089,Medical-Surgical 3 North,16.0,16.0,16.0,Actual,0,17
2026-10-02 13:00:00,705089,Medical-Surgical 3 North,14.0,14.0,14.0,Actual,0,17
2026-10-02 14:00:00,705089,Medical-Surgical 3 North,15.0,15.0,15.0,Actual,0,17
2026-10-02 15:00:00,705089,Medical-Surgical 3 North,17.0,17.0,17.0,Actual,0,17
2026-10-02 16:00:00,705089,Medical-Surgical 3 North,17.0,17.0,17.0,Actual,0,17
2026-10-02 17:00:00,705089,Medical-Surgical 3 North,16.0,16.0,16.0,Actual,0,17
2026-10-02 18:00:00,705089,Medical-Surgical 3 North,17.0,17.0,17.0,Actual,0,17
2026-10-02 19:00:00,705089,Medical-Surgical 3 North,14.0,14.0,14.0,Actual,0,17
2026-10-02 20:00:00,705089,Medical-Surgical 3 North,13.0,13.0,13.0,Actual,0,17
2026-10-02 21:00:00,705089,Medical-Surgical 3 North,15.0,15.0,15.0,Actual,0,17
2026-10-02 22:00:00,705089,Medical-Surgical 3 North,16.0,16.0,16.0,Actual,0,17
2026-10-02 23:00:00,705089,Medical-Surgical 3 North,15.0,15.0,15.0,Actual,0,17
2026-10-03 00:00:00,705089,Medical-Surgical 3 North,15.0,15.0,15.0,Actual,0,17
2026-10-03 01:00:00,705089,Medical-Surgical 3 North,16.0,16.0,16.0,Actual,0,17
2026-10-03 02:00:00,705089,Medical-Surgical 3 North,16.0,16.0,16.0,Actual,0,17
2026-10-03 03:00:00,705089,Medical-Surgical 3 North,15.0,15.0,15.0,Actual,0,17
2026-10-03 04:00:00,705089,Medical-Surgical 3 North,13.0,13.0,13.0,Actual,0,17
2026-10-03 05:00:00,705089,Medical-Surgical 3 North,16.0,16.0,16.0,Actual,0,17
2026-10-03 06:00:00,705089,Medical-Surgical 3 North,16.0,16.0,16.0,Actual,0,17
2026-10-03 07:00:00,705089,Medical-Surgical 3 North,13.0,13.0,13.0,Actual,0,17
2026-10-03 08:00:00,705089,Medical-Surgical 3 North,15.0,15.0,15.0,Actual,0,17
2026-10-03 09:00:00,705089,Medical-Surgical 3 North,17.0,17.0,17.0,Actual,0,17
2026-10-03 10:00:00,705089,Medical-Surgical 3 North,13.0,13.0,13.0,Actual,0,17
2026-10-03 11:00:00,705089,Medical-Surgical 3 North,15.0,15.0,15.0,Actual,0,17
2026-10-03 12:00:00,705089,Medical-Surgical 3 North,14.0,14.0,14.0,Actual,0,17
2026-10-03 13:00:00,705089,Medical-Surgical 3 North,14.0,14.0,14.0,Actual,0,17
2026-10-03 14:00:00,705089,Medical-Surgical 3 North,17.0,17.0,17.0,Actual,0,17
2026-10-03 15:00:00,705089,Medical-Surgical 3 North,15.0,15.0,15.0,Actual,0,17
2026-10-03 16:00:00,705089,Medical-Surgical 3 North,14.0,14.0,14.0,Actual,0,17
2026-10-03 17:00:00,705089,Medical-Surgical 3 North,17.0,17.0,17.0,Actual,0,17
2026-10-03 18:00:00,705089,Medical-Surgical 3 North,16.0,16.0,16.0,Actual,0,17
2026-10-03 19:00:00,705089,Medical-Surgical 3 North,17.0,17.0,17.0,Actual,0,17
2026-10-03 20:00:00,705089,Medical-Surgical 3 North,14.0,14.0,14.0,Actual,0,17
2026-10-03 21:00:00,705089,Medical-Surgical 3 North,16.0,16.0,16.0,Actual,0,17
2026-10-03 22:00:00,705089,Medical-Surgical 3 North,17.0,17.0,17.0,Actual,0,17
2026-10-03 23:00:00,705089,Medical-Surgical 3 North,15.0,15.0,15.0,Actual,0,17
2026-10-04 00:00:00,705089,Medical-Surgical 3 North,14.0,14.0,14.0,Actual,0,17
2026-10-04 01:00:00,705089,Medical-Surgical 3 North,13.0,13.0,13.0,Actual,0,17
2026-10-04 02:00:00,705089,Medical-Surgical 3 North,14.0,14.0,14.0,Actual,0,17
2026-10-04 03:00:00,705089,Medical-Surgical 3 North,14.0,14.0,14.0,Actual,0,17
2026-10-04 04:00:00,705089,Medical-Surgical 3 North,17.0,17.0,17.0,Actual,0,17
2026-10-04 05:00:00,705089,Medical-Surgical 3 North,17.0,17.0,17.0,Actual,0,17
2026-10-04 06:00:00,705089,Medical-Surgical 3 North,16.0,16.0,16.0,Actual,0,17
2026-10-04 07:00:00,705089,Medical-Surgical 3 North,17.0,17.0,17.0,Actual,0,17
2026-10-04 08:00:00,705089,Medical-Surgical 3 North,16.0,16.0,16.0,Actual,0,17
2026-10-04 09:00:00,705089,Medical-Surgical 3 North,14.0,14.0,14.0,Actual,0,17
2026-10-04 10:00:00,705089,Medical-Surgical 3 North,17.0,17.0,17.0,Actual,0,17
2026-10-04 11:00:00,705089,Medical-Surgical 3 North,16.0,16.0,16.0,Actual,0,17
2026-10-04 12:00:00,705089,Medical-Surgical 3 North,14.0,14.0,14.0,Actual,0,17
2026-10-04 13:00:00,705089,Medical-Surgical 3 North,17.0,17.0,17.0,Actual,0,17
2026-10-04 14:00:00,705089,Medical-Surgical 3 North,14.0,14.0,14.0,Actual,0,17
2026-10-04 15:00:00,705089,Medical-Surgical 3 North,16.0,16.0,16.0,Actual,0,17
2026-10-04 16:00:00,705089,Medical-Surgical 3 North,16.0,16.0,16.0,Actual,0,17
2026-10-04 17:00:00,705089,Medical-Surgical 3 North,16.0,16.0,16.0,Actual,0,17
2026-10-04 18:00:00,705089,Medical-Surgical 3 North,17.0,17.0,17.0,Actual,0,17
2026-10-04 19:00:00,705089,Medical-Surgical 3 North,16.0,16.0,16.0,Actual,0,17
2026-10-04 20:00:00,705089,Medical-Surgical 3 North,16.0,16.0,16.0,Actual,0,17
2026-10-04 21:00:00,705089,Medical-Surgical 3 North,16.0,16.0,16.0,Actual,0,17
2026-10-04 22:00:00,705089,Medical-Surgical 3 North,16.0,16.0,16.0,Actual,0,17
2026-10-04 23:00:00,705089,Medical-Surgical 3 North,16.0,16.0,16.0,Actual,0,17
2026-10-05 00:00:00,705089,Medical-Surgical 3 North,16.0,16.0,16.0,Actual,0,17
2026-10-05 01:00:00,705089,Medical-Surgical 3 North,14.0,14.0,14.0,Actual,0,17
2026-10-05 02:00:00,705089,Medical-Surgical 3 North,16.0,16.0,16.0,Actual,0,17
2026-10-05 03:00:00,705089,Medical-Surgical 3 North,16.0,16.0,16.0,Actual,0,17
2026-10-05 04:00:00,705089,Medical-Surgical 3 North,13.0,13.0,13.0,Actual,0,17
2026-10-05 05:00:00,705089,Medical-Surgical 3 North,15.0,15.0,15.0,Actual,0,17
2026-10-05 06:00:00,705089,Medical-Surgical 3 North,13.0,13.0,13.0,Actual,0,17
2026-10-05 07:00:00,705089,Medical-Surgical 3 North,15.0,15.0,15.0,Actual,0,17
2026-10-05 08:00:00,705089,Medical-Surgical 3 North,17.0,17.0,17.0,Actual,0,17
2026-10-05 09:00:00,705089,Medical-Surgical 3 North,16.0,16.0,16.0,Actual,0,17
2026-10-05 10:00:00,705089,Medical-Surgical 3 North,17.0,17.0,17.0,Actual,0,17
2026-10-05 11:00:00,705089,Medical-Surgical 3 North,17.0,17.0,17.0,Actual,0,17
2026-10-05 12:00:00,705089,Medical-Surgical 3 North,16.0,16.0,16.0,Actual,0,17
2026-10-05 13:00:00,705089,Medical-Surgical 3 North,16.0,16.0,16.0,Actual,0,17
2026-10-05 14:00:00,705089,Medical-Surgical 3 North,16.0,16.0,16.0,Actual,0,17
2026-10-05 15:00:00,705089,Medical-Surgical 3 North,16.0,16.0,16.0,Actual,0,17
2026-10-05 16:00:00,705089,Medical-Surgical 3 North,16.0,16.0,16.0,Actual,0,17
2026-10-05 17:00:00,705089,Medical-Surgical 3 North,16.0,16.0,16.0,Actual,0,17
2026-10-05 18:00:00,705089,Medical-Surgical 3 North,16.0,16.0,16.0,Actual,0,17
2026-10-05 19:00:00,705089,Medical-Surgical 3 North,12.0,12.0,12.0,Actual,0,17
2026-10-05 20:00:00,705089,Medical-Surgical 3 North,16.0,16.0,16.0,Actual,0,17
2026-10-05 21:00:00,705089,Medical-Surgical 3 North,15.0,15.0,15.0,Actual,0,17
2026-10-05 22:00:00,705089,Medical-Surgical 3 North,17.0,17.0,17.0,Actual,0,17
2026-10-05 23:00:00,705089,Medical-Surgical 3 North,13.0,13.0,13.0,Actual,0,17
2026-10-06 00:00:00,705089,Medical-Surgical 3 North,15.0,15.0,15.0,Actual,0,17
2026-10-06 01:00:00,705089,Medical-Surgical 3 North,16.0,16.0,16.0,Actual,0,17
2026-10-06 02:00:00,705089,Medical-Surgical 3 North,16.0,16.0,16.0,Actual,0,17
2026-10-06 03:00:00,705089,Medical-Surgical 3 North,16.0,16.0,16.0,Actual,0,17
2026-10-06 04:00:00,705089,Medical-Surgical 3 North,17.0,17.0,17.0,Actual,0,17
2026-10-06 05:00:00,705089,Medical-Surgical 3 North,15.0,15.0,15.0,Actual,0,17
2026-10-06 06:00:00,705089,Medical-Surgical 3 North,17.0,17.0,17.0,Actual,0,17
2026-10-06 07:00:00,705089,Medical-Surgical 3 North,15.0,15.0,15.0,Actual,0,17
2026-10-06 08:00:00,705089,Medical-Surgical 3 North,13.0,13.0,13.0,Actual,0,17
2026-10-06 09:00:00,705089,Medical-Surgical 3 North,17.0,17.0,17.0,Actual,0,17
2026-10-06 10:00:00,705089,Medical-Surgical 3 North,15.0,15.0,15.0,Actual,0,17
2026-10-06 11:00:00,705089,Medical-Surgical 3 North,17.0,17.0,17.0,Actual,0,17
2026-10-06 12:00:00,705089,Medical-Surgical 3 North,15.0,15.0,15.0,Actual,0,17
2026-10-06 13:00:00,705089,Medical-Surgical 3 North,16.0,16.0,16.0,Actual,0,17
2026-10-06 14:00:00,705089,Medical-Surgical 3 North,16.0,16.0,16.0,Actual,0,17
2026-10-06 15:00:00,705089,Medical-Surgical 3 North,16.0,16.0,16.0,Actual,0,17
2026-10-06 16:00:00,705089,Medical-Surgical 3 North,13.0,13.0,13.0,Actual,0,17
2026-10-06 17:00:00,705089,Medical-Surgical 3 North,16.0,16.0,16.0,Actual,0,17
2026-10-06 18:00:00,705089,Medical-Surgical 3 North,15.0,15.0,15.0,Actual,0,17
2026-09-29 18:00:00,705090,Telemetry 4 East,27.0,27.0,27.0,Actual,0,34
2026-09-29 19:00:00,705090,Telemetry 4 East,28.0,28.0,28.0,Actual,0,34
2026-09-29 20:00:00,705090,Telemetry 4 East,27.0,27.0,27.0,Actual,0,34
2026-09-29 21:00:00,705090,Telemetry 4 East,31.0,31.0,31.0,Actual,0,34
2026-09-29 22:00:00,705090,Telemetry 4 East,27.0,27.0,27.0,Actual,0,34
2026-09-29 23:00:00,705090,Telemetry 4 East,31.0,31.0,31.0,Actual,0,34
2026-09-30 00:00:00,705090,Telemetry 4 East,24.0,24.0,24.0,Actual,0,34
2026-09-30 01:00:00,705090,Telemetry 4 East,31.0,31.0,31.0,Actual,0,34
2026-09-30 02:00:00,705090,Telemetry 4 East,27.0,27.0,27.0,Actual,0,34
2026-09-30 03:00:00,705090,Telemetry 4 East,27.0,27.0,27.0,Actual,0,34
2026-09-30 04:00:00,705090,Telemetry 4 East,30.0,30.0,30.0,Actual,0,34
2026-09-30 05:00:00,705090,Telemetry 4 East,27.0,27.0,27.0,Actual,0,34
2026-09-30 06:00:00,705090,Telemetry 4 East,25.0,25.0,25.0,Actual,0,34
2026-09-30 07:00:00,705090,Telemetry 4 East,28.0,28.0,28.0,Actual,0,34
2026-09-30 08:00:00,705090,Telemetry 4 East,31.0,31.0,31.0,Actual,0,34
2026-09-30 09:00:00,705090,Telemetry 4 East,23.0,23.0,23.0,Actual,0,34
2026-09-30 10:00:00,705090,Telemetry 4 East,25.0,25.0,25.0,Actual,0,34
2026-09-30 11:00:00,705090,Telemetry 4 East,22.0,22.0,22.0,Actual,0,34
2026-09-30 12:00:00,705090,Telemetry 4 East,28.0,28.0,28.0,Actual,0,34
2026-09-30 13:00:00,705090,Telemetry 4 East,29.0,29.0,29.0,Actual,0,34
2026-09-30 14:00:00,705090,Telemetry 4 East,30.0,30.0,30.0,Actual,0,34
2026-09-30 15:00:00,705090,Telemetry 4 East,31.0,31.0,31.0,Actual,0,34
2026-09-30 16:00:00,705090,Telemetry 4 East,32.0,32.0,32.0,Actual,0,34
2026-09-30 17:00:00,705090,Telemetry 4 East,24.0,24.0,24.0,Actual,0,34
2026-09-30 18:00:00,705090,Telemetry 4 East,29.0,29.0,29.0,Actual,0,34
2026-09-30 19:00:00,705090,Telemetry 4 East,29.0,29.0,29.0,Actual,0,34
2026-09-30 20:00:00,705090,Telemetry 4 East,28.0,28.0,28.0,Actual,0,34
2026-09-30 21:00:00,705090,Telemetry 4 East,23.0,23.0,23.0,Actual,0,34
2026-09-30 22:00:00,705090,Telemetry 4 East,30.0,30.0,30.0,Actual,0,34
2026-09-30 23:00:00,705090,Telemetry 4 East,30.0,30.0,30.0,Actual,0,34
2026-10-01 00:00:00,705090,Telemetry 4 East,27.0,27.0,27.0,Actual,0,34
2026-10-01 01:00:00,705090,Telemetry 4 East,29.0,29.0,29.0,Actual,0,34
2026-10-01 02:00:00,705090,Telemetry 4 East,28.0,28.0,28.0,Actual,0,34
2026-10-01 03:00:00,705090,Telemetry 4 East,25.0,25.0,25.0,Actual,0,34
2026-10-01 04:00:00,705090,Telemetry 4 East,26.0,26.0,26.0,Actual,0,34
2026-10-01 05:00:00,705090,Telemetry 4 East,24.0,24.0,24.0,Actual,0,34
2026-10-01 06:00:00,705090,Telemetry 4 East,23.0,23.0,23.0,Actual,0,34
2026-10-01 07:00:00,705090,Telemetry 4 East,26.0,26.0,26.0,Actual,0,34
2026-10-01 08:00:00,705090,Telemetry 4 East,25.0,25.0,25.0,Actual,0,34
2026-10-01 09:00:00,705090,Telemetry 4 East,28.0,28.0,28.0,Actual,0,34
2026-10-01 10:00:00,705090,Telemetry 4 East,25.0,25.0,25.0,Actual,0,34
2026-10-01 11:00:00,705090,Telemetry 4 East,22.0,22.0,22.0,Actual,0,34
2026-10-01 12:00:00,705090,Telemetry 4 East,26.0,26.0,26.0,Actual,0,34
2026-10-01 13:00:00,705090,Telemetry 4 East,22.0,22.0,22.0,Actual,0,34
2026-10-01 14:00:00,705090,Telemetry 4 East,25.0,25.0,25.0,Actual,0,34
2026-10-01 15:00:00,705090,Telemetry 4 East,32.0,32.0,32.0,Actual,0,34
2026-10-01 16:00:00,705090,Telemetry 4 East,31.0,31.0,31.0,Actual,0,34
2026-10-01 17:00:00,705090,Telemetry 4 East,31.0,31.0,31.0,Actual,0,34
2026-10-01 18:00:00,705090,Telemetry 4 East,30.0,30.0,30.0,Actual,0,34
2026-10-01 19:00:00,705090,Telemetry 4 East,27.0,27.0,27.0,Actual,0,34
2026-10-01 20:00:00,705090,Telemetry 4 East,30.0,30.0,30.0,Actual,0,34
2026-10-01 21:00:00,705090,Telemetry 4 East,24.0,24.0,24.0,Actual,0,34
2026-10-01 22:00:00,705090,Telemetry 4 East,27.0,27.0,27.0,Actual,0,34
2026-10-01 23:00:00,705090,Telemetry 4 East,31.0,31.0,31.0,Actual,0,34
2026-10-02 00:00:00,705090,Telemetry 4 East,27.0,27.0,27.0,Actual,0,34
2026-10-02 01:00:00,705090,Telemetry 4 East,25.0,25.0,25.0,Actual,0,34
2026-10-02 02:00:00,705090,Telemetry 4 East,28.0,28.0,28.0,Actual,0,34
2026-10-02 03:00:00,705090,Telemetry 4 East,28.0,28.0,28.0,Actual,0,34
2026-10-02 04:00:00,705090,Telemetry 4 East,30.0,30.0,30.0,Actual,0,34
2026-10-02 05:00:00,705090,Telemetry 4 East,26.0,26.0,26.0,Actual,0,34
2026-10-02 06:00:00,705090,Telemetry 4 East,24.0,24.0,24.0,Actual,0,34
2026-10-02 07:00:00,705090,Telemetry 4 East,31.0,31.0,31.0,Actual,0,34
2026-10-02 08:00:00,705090,Telemetry 4 East,26.0,26.0,26.0,Actual,0,34
2026-10-02 09:00:00,705090,Telemetry 4 East,29.0,29.0,29.0,Actual,0,34
2026-10-02 10:00:00,705090,Telemetry 4 East,27.0,27.0,27.0,Actual,0,34
2026-10-02 11:00:00,705090,Telemetry 4 East,25.0,25.0,25.0,Actual,0,34
2026-10-02 12:00:00,705090,Telemetry 4 East,32.0,32.0,32.0,Actual,0,34
2026-10-02 13:00:00,705090,Telemetry 4 East,29.0,29.0,29.0,Actual,0,34
2026-10-02 14:00:00,705090,Telemetry 4 East,25.0,25.0,25.0,Actual,0,34
2026-10-02 15:00:00,705090,Telemetry 4 East,29.0,29.0,29.0,Actual,0,34
2026-10-02 16:00:00,705090,Telemetry 4 East,26.0,26.0,26.0,Actual,0,34
2026-10-02 17:00:00,705090,Telemetry 4 East,29.0,29.0,29.0,Actual,0,34
2026-10-02 18:00:00,705090,Telemetry 4 East,28.0,28.0,28.0,Actual,0,34
2026-10-02 19:00:00,705090,Telemetry 4 East,22.0,22.0,22.0,Actual,0,34
2026-10-02 20:00:00,705090,Telemetry 4 East,23.0,23.0,23.0,Actual,0,34
2026-10-02 21:00:00,705090,Telemetry 4 East,27.0,27.0,27.0,Actual,0,34
2026-10-02 22:00:00,705090,Telemetry 4 East,31.0,31.0,31.0,Actual,0,34
2026-10-02 23:00:00,705090,Telemetry 4 East,25.0,25.0,25.0,Actual,0,34
2026-10-03 00:00:00,705090,Telemetry 4 East,31.0,31.0,31.0,Actual,0,34
2026-10-03 01:00:00,705090,Telemetry 4 East,26.0,26.0,26.0,Actual,0,34
2026-10-03 02:00:00,705090,Telemetry 4 East,24.0,24.0,24.0,Actual,0,34
2026-10-03 03:00:00,705090,Telemetry 4 East,27.0,27.0,27.0,Actual,0,34
2026-10-03 04:00:00,705090,Telemetry 4 East,22.0,22.0,22.0,Actual,0,34
2026-10-03 05:00:00,705090,Telemetry 4 East,23.0,23.0,23.0,Actual,0,34
2026-10-03 06:00:00,705090,Telemetry 4 East,29.0,29.0,29.0,Actual,0,34
2026-10-03 07:00:00,705090,Telemetry 4 East,31.0,31.0,31.0,Actual,0,34
2026-10-03 08:00:00,705090,Telemetry 4 East,24.0,24.0,24.0,Actual,0,34
2026-10-03 09:00:00,705090,Telemetry 4 East,32.0,32.0,32.0,Actual,0,34
2026-10-03 10:00:00,705090,Telemetry 4 East,22.0,22.0,22.0,Actual,0,34
2026-10-03 11:00:00,705090,Telemetry 4 East,25.0,25.0,25.0,Actual,0,34
2026-10-03 12:00:00,705090,Telemetry 4 East,24.0,24.0,24.0,Actual,0,34
2026-10-03 13:00:00,705090,Telemetry 4 East,28.0,28.0,28.0,Actual,0,34
2026-10-03 14:00:00,705090,Telemetry 4 East,29.0,29.0,29.0,Actual,0,34
2026-10-03 15:00:00,705090,Telemetry 4 East,22.0,22.0,22.0,Actual,0,34
2026-10-03 16:00:00,705090,Telemetry 4 East,32.0,32.0,32.0,Actual,0,34
2026-10-03 17:00:00,705090,Telemetry 4 East,29.0,29.0,29.0,Actual,0,34
2026-10-03 18:00:00,705090,Telemetry 4 East,31.0,31.0,31.0,Actual,0,34
2026-10-03 19:00:00,705090,Telemetry 4 East,29.0,29.0,29.0,Actual,0,34
2026-10-03 20:00:00,705090,Telemetry 4 East,26.0,26.0,26.0,Actual,0,34
2026-10-03 21:00:00,705090,Telemetry 4 East,28.0,28.0,28.0,Actual,0,34
2026-10-03 22:00:00,705090,Telemetry 4 East,29.0,29.0,29.0,Actual,0,34
2026-10-03 23:00:00,705090,Telemetry 4 East,25.0,25.0,25.0,Actual,0,34
2026-10-04 00:00:00,705090,Telemetry 4 East,26.0,26.0,26.0,Actual,0,34
2026-10-04 01:00:00,705090,Telemetry 4 East,31.0,31.0,31.0,Actual,0,34
2026-10-04 02:00:00,705090,Telemetry 4 East,25.0,25.0,25.0,Actual,0,34
2026-10-04 03:00:00,705090,Telemetry 4 East,28.0,28.0,28.0,Actual,0,34
2026-10-04 04:00:00,705090,Telemetry 4 East,29.0,29.0,29.0,Actual,0,34
2026-10-04 05:00:00,705090,Telemetry 4 East,29.0,29.0,29.0,Actual,0,34
2026-10-04 06:00:00,705090,Telemetry 4 East,31.0,31.0,31.0,Actual,0,34
2026-10-04 07:00:00,705090,Telemetry 4 East,29.0,29.0,29.0,Actual,0,34
2026-10-04 08:00:00,705090,Telemetry 4 East,23.0,23.0,23.0,Actual,0,34
2026-10-04 09:00:00,705090,Telemetry 4 East,25.0,25.0,25.0,Actual,0,34
2026-10-04 10:00:00,705090,Telemetry 4 East,31.0,31.0,31.0,Actual,0,34
2026-10-04 11:00:00,705090,Telemetry 4 East,23.0,23.0,23.0,Actual,0,34
2026-10-04 12:00:00,705090,Telemetry 4 East,28.0,28.0,28.0,Actual,0,34
2026-10-04 13:00:00,705090,Telemetry 4 East,27.0,27.0,27.0,Actual,0,34
2026-10-04 14:00:00,705090,Telemetry 4 East,30.0,30.0,30.0,Actual,0,34
2026-10-04 15:00:00,705090,Telemetry 4 East,27.0,27.0,27.0,Actual,0,34
2026-10-04 16:00:00,705090,Telemetry 4 East,31.0,31.0,31.0,Actual,0,34
2026-10-04 17:00:00,705090,Telemetry 4 East,26.0,26.0,26.0,Actual,0,34
2026-10-04 18:00:00,705090,Telemetry 4 East,29.0,29.0,29.0,Actual,0,34
2026-10-04 19:00:00,705090,Telemetry 4 East,30.0,30.0,30.0,Actual,0,34
2026-10-04 20:00:00,705090,Telemetry 4 East,29.0,29.0,29.0,Actual,0,34
2026-10-04 21:00:00,705090,Telemetry 4 East,26.0,26.0,26.0,Actual,0,34
2026-10-04 22:00:00,705090,Telemetry 4 East,27.0,27.0,27.0,Actual,0,34
2026-10-04 23:00:00,705090,Telemetry 4 East,28.0,28.0,28.0,Actual,0,34
2026-10-05 00:00:00,705090,Telemetry 4 East,28.0,28.0,28.0,Actual,0,34
2026-10-05 01:00:00,705090,Telemetry 4 East,24.0,24.0,24.0,Actual,0,34
2026-10-05 02:00:00,705090,Telemetry 4 East,30.0,30.0,30.0,Actual,0,34
2026-10-05 03:00:00,705090,Telemetry 4 East,30.0,30.0,30.0,Actual,0,34
2026-10-05 04:00:00,705090,Telemetry 4 East,28.0,28.0,28.0,Actual,0,34
2026-10-05 05:00:00,705090,Telemetry 4 East,27.0,27.0,27.0,Actual,0,34
2026-10-05 06:00:00,705090,Telemetry 4 East,30.0,30.0,30.0,Actual,0,34
2026-10-05 07:00:00,705090,Telemetry 4 East,28.0,28.0,28.0,Actual,0,34
2026-10-05 08:00:00,705090,Telemetry 4 East,27.0,27.0,27.0,Actual,0,34
2026-10-05 09:00:00,705090,Telemetry 4 East,29.0,29.0,29.0,Actual,0,34
2026-10-05 10:00:00,705090,Telemetry 4 East,32.0,32.0,32.0,Actual,0,34
2026-10-05 11:00:00,705090,Telemetry 4 East,25.0,25.0,25.0,Actual,0,34
2026-10-05 12:00:00,705090,Telemetry 4 East,31.0,31.0,31.0,Actual,0,34
2026-10-05 13:00:00,705090,Telemetry 4 East,31.0,31.0,31.0,Actual,0,34
2026-10-05 14:00:00,705090,Telemetry 4 East,27.0,27.0,27.0,Actual,0,34
2026-10-05 15:00:00,705090,Telemetry 4 East,30.0,30.0,30.0,Actual,0,34
2026-10-05 16:00:00,705090,Telemetry 4 East,23.0,23.0,23.0,Actual,0,34
2026-10-05 17:00:00,705090,Telemetry 4 East,22.0,22.0,22.0,Actual,0,34
2026-10-05 18:00:00,705090,Telemetry 4 East,27.0,27.0,27.0,Actual,0,34
2026-10-05 19:00:00,705090,Telemetry 4 East,24.0,24.0,24.0,Actual,0,34
2026-10-05 20:00:00,705090,Telemetry 4 East,27.0,27.0,27.0,Actual,0,34
2026-10-05 21:00:00,705090,Telemetry 4 East,30.0,30.0,30.0,Actual,0,34
2026-10-05 22:00:00,705090,Telemetry 4 East,24.0,24.0,24.0,Actual,0,34
2026-10-05 23:00:00,705090,Telemetry 4 East,29.0,29.0,29.0,Actual,0,34
2026-10-06 00:00:00,705090,Telemetry 4 East,25.0,25.0,25.0,Actual,0,34
2026-10-06 01:00:00,705090,Telemetry 4 East,30.0,30.0,30.0,Actual,0,34
2026-10-06 02:00:00,705090,Telemetry 4 East,23.0,23.0,23.0,Actual,0,34
2026-10-06 03:00:00,705090,Telemetry 4 East,29.0,29.0,29.0,Actual,0,34
2026-10-06 04:00:00,705090,Telemetry 4 East,28.0,28.0,28.0,Actual,0,34
2026-10-06 05:00:00,705090,Telemetry 4 East,31.0,31.0,31.0,Actual,0,34
2026-10-06 06:00:00,705090,Telemetry 4 East,23.0,23.0,23.0,Actual,0,34
2026-10-06 07:00:00,705090,Telemetry 4 East,26.0,26.0,26.0,Actual,0,34
2026-10-06 08:00:00,705090,Telemetry 4 East,23.0,23.0,23.0,Actual,0,34
2026-10-06 09:00:00,705090,Telemetry 4 East,32.0,32.0,32.0,Actual,0,34
2026-10-06 10:00:00,705090,Telemetry 4 East,31.0,31.0,31.0,Actual,0,34
2026-10-06 11:00:00,705090,Telemetry 4 East,30.0,30.0,30.0,Actual,0,34
2026-10-06 12:00:00,705090,Telemetry 4 East,30.0,30.0,30.0,Actual,0,34
2026-10-06 13:00:00,705090,Telemetry 4 East,29.0,29.0,29.0,Actual,0,34
2026-10-06 14:00:00,705090,Telemetry 4 East,30.0,30.0,30.0,Actual,0,34
2026-10-06 15:00:00,705090,Telemetry 4 East,27.0,27.0,27.0,Actual,0,34
2026-10-06 16:00:00,705090,Telemetry 4 East,31.0,31.0,31.0,Actual,0,34
2026-10-06 17:00:00,705090,Telemetry 4 East,23.0,23.0,23.0,Actual,0,34
2026-10-06 18:00:00,705090,Telemetry 4 East,26.0,26.0,26.0,Actual,0,34
2026-09-29 18:00:00,705091,Cardiac Stepdown,19.0,19.0,19.0,Actual,0,20
2026-09-29 19:00:00,705091,Cardiac Stepdown,19.0,19.0,19.0,Actual,0,20
2026-09-29 20:00:00,705091,Cardiac Stepdown,19.0,19.0,19.0,Actual,0,20
2026-09-29 21:00:00,705091,Cardiac Stepdown,19.0,19.0,19.0,Actual,0,20
2026-09-29 22:00:00,705091,Cardiac Stepdown,19.0,19.0,19.0,Actual,0,20
2026-09-29 23:00:00,705091,Cardiac Stepdown,18.0,18.0,18.0,Actual,0,20
2026-09-30 00:00:00,705091,Cardiac Stepdown,19.0,19.0,19.0,Actual,0,20
2026-09-30 01:00:00,705091,Cardiac Stepdown,19.0,19.0,19.0,Actual,0,20
2026-09-30 02:00:00,705091,Cardiac Stepdown,18.0,18.0,18.0,Actual,0,20
2026-09-30 03:00:00,705091,Cardiac Stepdown,20.0,20.0,20.0,Actual,0,20
2026-09-30 04:00:00,705091,Cardiac Stepdown,18.0,18.0,18.0,Actual,0,20
2026-09-30 05:00:00,705091,Cardiac Stepdown,19.0,19.0,19.0,Actual,0,20
2026-09-30 06:00:00,705091,Cardiac Stepdown,18.0,18.0,18.0,Actual,0,20
2026-09-30 07:00:00,705091,Cardiac Stepdown,19.0,19.0,19.0,Actual,0,20
2026-09-30 08:00:00,705091,Cardiac Stepdown,19.0,19.0,19.0,Actual,0,20
2026-09-30 09:00:00,705091,Cardiac Stepdown,19.0,19.0,19.0,Actual,0,20
2026-09-30 10:00:00,705091,Cardiac Stepdown,20.0,20.0,20.0,Actual,0,20
2026-09-30 11:00:00,705091,Cardiac Stepdown,20.0,20.0,20.0,Actual,0,20
2026-09-30 12:00:00,705091,Cardiac Stepdown,19.0,19.0,19.0,Actual,0,20
2026-09-30 13:00:00,705091,Cardiac Stepdown,20.0,20.0,20.0,Actual,0,20
2026-09-30 14:00:00,705091,Cardiac Stepdown,16.0,16.0,16.0,Actual,0,20
2026-09-30 15:00:00,705091,Cardiac Stepdown,17.0,17.0,17.0,Actual,0,20
2026-09-30 16:00:00,705091,Cardiac Stepdown,19.0,19.0,19.0,Actual,0,20
2026-09-30 17:00:00,705091,Cardiac Stepdown,19.0,19.0,19.0,Actual,0,20
2026-09-30 18:00:00,705091,Cardiac Stepdown,20.0,20.0,20.0,Actual,0,20
2026-09-30 19:00:00,705091,Cardiac Stepdown,18.0,18.0,18.0,Actual,0,20
2026-09-30 20:00:00,705091,Cardiac Stepdown,19.0,19.0,19.0,Actual,0,20
2026-09-30 21:00:00,705091,Cardiac Stepdown,20.0,20.0,20.0,Actual,0,20
2026-09-30 22:00:00,705091,Cardiac Stepdown,16.0,16.0,16.0,Actual,0,20
2026-09-30 23:00:00,705091,Cardiac Stepdown,19.0,19.0,19.0,Actual,0,20
2026-10-01 00:00:00,705091,Cardiac Stepdown,19.0,19.0,19.0,Actual,0,20
2026-10-01 01:00:00,705091,Cardiac Stepdown,17.0,17.0,17.0,Actual,0,20
2026-10-01 02:00:00,705091,Cardiac Stepdown,17.0,17.0,17.0,Actual,0,20
2026-10-01 03:00:00,705091,Cardiac Stepdown,20.0,20.0,20.0,Actual,0,20
2026-10-01 04:00:00,705091,Cardiac Stepdown,19.0,19.0,19.0,Actual,0,20
2026-10-01 05:00:00,705091,Cardiac Stepdown,19.0,19.0,19.0,Actual,0,20
2026-10-01 06:00:00,705091,Cardiac Stepdown,18.0,18.0,18.0,Actual,0,20
2026-10-01 07:00:00,705091,Cardiac Stepdown,19.0,19.0,19.0,Actual,0,20
2026-10-01 08:00:00,705091,Cardiac Stepdown,17.0,17.0,17.0,Actual,0,20
2026-10-01 09:00:00,705091,Cardiac Stepdown,17.0,17.0,17.0,Actual,0,20
2026-10-01 10:00:00,705091,Cardiac Stepdown,20.0,20.0,20.0,Actual,0,20
2026-10-01 11:00:00,705091,Cardiac Stepdown,18.0,18.0,18.0,Actual,0,20
2026-10-01 12:00:00,705091,Cardiac Stepdown,20.0,20.0,20.0,Actual,0,20
2026-10-01 13:00:00,705091,Cardiac Stepdown,20.0,20.0,20.0,Actual,0,20
2026-10-01 14:00:00,705091,Cardiac Stepdown,17.0,17.0,17.0,Actual,0,20
2026-10-01 15:00:00,705091,Cardiac Stepdown,20.0,20.0,20.0,Actual,0,20
2026-10-01 16:00:00,705091,Cardiac Stepdown,20.0,20.0,20.0,Actual,0,20
2026-10-01 17:00:00,705091,Cardiac Stepdown,19.0,19.0,19.0,Actual,0,20
2026-10-01 18:00:00,705091,Cardiac Stepdown,20.0,20.0,20.0,Actual,0,20
2026-10-01 19:00:00,705091,Cardiac Stepdown,20.0,20.0,20.0,Actual,0,20
2026-10-01 20:00:00,705091,Cardiac Stepdown,20.0,20.0,20.0,Actual,0,20
2026-10-01 21:00:00,705091,Cardiac Stepdown,17.0,17.0,17.0,Actual,0,20
2026-10-01 22:00:00,705091,Cardiac Stepdown,19.0,19.0,19.0,Actual,0,20
2026-10-01 23:00:00,705091,Cardiac Stepdown,19.0,19.0,19.0,Actual,0,20
2026-10-02 00:00:00,705091,Cardiac Stepdown,19.0,19.0,19.0,Actual,0,20
2026-10-02 01:00:00,705091,Cardiac Stepdown,20.0,20.0,20.0,Actual,0,20
2026-10-02 02:00:00,705091,Cardiac Stepdown,18.0,18.0,18.0,Actual,0,20
2026-10-02 03:00:00,705091,Cardiac Stepdown,17.0,17.0,17.0,Actual,0,20
2026-10-02 04:00:00,705091,Cardiac Stepdown,17.0,17.0,17.0,Actual,0,20
2026-10-02 05:00:00,705091,Cardiac Stepdown,18.0,18.0,18.0,Actual,0,20
2026-10-02 06:00:00,705091,Cardiac Stepdown,20.0,20.0,20.0,Actual,0,20
2026-10-02 07:00:00,705091,Cardiac Stepdown,20.0,20.0,20.0,Actual,0,20
2026-10-02 08:00:00,705091,Cardiac Stepdown,19.0,19.0,19.0,Actual,0,20
2026-10-02 09:00:00,705091,Cardiac Stepdown,19.0,19.0,19.0,Actual,0,20
2026-10-02 10:00:00,705091,Cardiac Stepdown,20.0,20.0,20.0,Actual,0,20
2026-10-02 11:00:00,705091,Cardiac Stepdown,20.0,20.0,20.0,Actual,0,20
2026-10-02 12:00:00,705091,Cardiac Stepdown,20.0,20.0,20.0,Actual,0,20
2026-10-02 13:00:00,705091,Cardiac Stepdown,17.0,17.0,17.0,Actual,0,20
2026-10-02 14:00:00,705091,Cardiac Stepdown,20.0,20.0,20.0,Actual,0,20
2026-10-02 15:00:00,705091,Cardiac Stepdown,16.0,16.0,16.0,Actual,0,20
2026-10-02 16:00:00,705091,Cardiac Stepdown,20.0,20.0,20.0,Actual,0,20
2026-10-02 17:00:00,705091,Cardiac Stepdown,20.0,20.0,20.0,Actual,0,20
2026-10-02 18:00:00,705091,Cardiac Stepdown,18.0,18.0,18.0,Actual,0,20
2026-10-02 19:00:00,705091,Cardiac Stepdown,20.0,20.0,20.0,Actual,0,20
2026-10-02 20:00:00,705091,Cardiac Stepdown,19.0,19.0,19.0,Actual,0,20
2026-10-02 21:00:00,705091,Cardiac Stepdown,19.0,19.0,19.0,Actual,0,20
2026-10-02 22:00:00,705091,Cardiac Stepdown,19.0,19.0,19.0,Actual,0,20
2026-10-02 23:00:00,705091,Cardiac Stepdown,20.0,20.0,20.0,Actual,0,20
2026-10-03 00:00:00,705091,Cardiac Stepdown,19.0,19.0,19.0,Actual,0,20
2026-10-03 01:00:00,705091,Cardiac Stepdown,17.0,17.0,17.0,Actual,0,20
2026-10-03 02:00:00,705091,Cardiac Stepdown,19.0,19.0,19.0,Actual,0,20
2026-10-03 03:00:00,705091,Cardiac Stepdown,19.0,19.0,19.0,Actual,0,20
2026-10-03 04:00:00,705091,Cardiac Stepdown,19.0,19.0,19.0,Actual,0,20
2026-10-03 05:00:00,705091,Cardiac Stepdown,18.0,18.0,18.0,Actual,0,20
2026-10-03 06:00:00,705091,Cardiac Stepdown,18.0,18.0,18.0,Actual,0,20
2026-10-03 07:00:00,705091,Cardiac Stepdown,20.0,20.0,20.0,Actual,0,20
2026-10-03 08:00:00,705091,Cardiac Stepdown,20.0,20.0,20.0,Actual,0,20
2026-10-03 09:00:00,705091,Cardiac Stepdown,20.0,20.0,20.0,Actual,0,20
2026-10-03 10:00:00,705091,Cardiac Stepdown,20.0,20.0,20.0,Actual,0,20
2026-10-03 11:00:00,705091,Cardiac Stepdown,18.0,18.0,18.0,Actual,0,20
2026-10-03 12:00:00,705091,Cardiac Stepdown,17.0,17.0,17.0,Actual,0,20
2026-10-03 13:00:00,705091,Cardiac Stepdown,18.0,18.0,18.0,Actual,0,20
2026-10-03 14:00:00,705091,Cardiac Stepdown,19.0,19.0,19.0,Actual,0,20
2026-10-03 15:00:00,705091,Cardiac Stepdown,19.0,19.0,19.0,Actual,0,20
2026-10-03 16:00:00,705091,Cardiac Stepdown,18.0,18.0,18.0,Actual,0,20
2026-10-03 17:00:00,705091,Cardiac Stepdown,19.0,19.0,19.0,Actual,0,20
2026-10-03 18:00:00,705091,Cardiac Stepdown,19.0,19.0,19.0,Actual,0,20
2026-10-03 19:00:00,705091,Cardiac Stepdown,18.0,18.0,18.0,Actual,0,20
2026-10-03 20:00:00,705091,Cardiac Stepdown,19.0,19.0,19.0,Actual,0,20
2026-10-03 21:00:00,705091,Cardiac Stepdown,16.0,16.0,16.0,Actual,0,20
2026-10-03 22:00:00,705091,Cardiac Stepdown,17.0,17.0,17.0,Actual,0,20
2026-10-03 23:00:00,705091,Cardiac Stepdown,19.0,19.0,19.0,Actual,0,20
2026-10-04 00:00:00,705091,Cardiac Stepdown,19.0,19.0,19.0,Actual,0,20
2026-10-04 01:00:00,705091,Cardiac Stepdown,18.0,18.0,18.0,Actual,0,20
2026-10-04 02:00:00,705091,Cardiac Stepdown,19.0,19.0,19.0,Actual,0,20
2026-10-04 03:00:00,705091,Cardiac Stepdown,17.0,17.0,17.0,Actual,0,20
2026-10-04 04:00:00,705091,Cardiac Stepdown,19.0,19.0,19.0,Actual,0,20
2026-10-04 05:00:00,705091,Cardiac Stepdown,20.0,20.0,20.0,Actual,0,20
2026-10-04 06:00:00,705091,Cardiac Stepdown,20.0,20.0,20.0,Actual,0,20
2026-10-04 07:00:00,705091,Cardiac Stepdown,20.0,20.0,20.0,Actual,0,20
2026-10-04 08:00:00,705091,Cardiac Stepdown,18.0,18.0,18.0,Actual,0,20
2026-10-04 09:00:00,705091,Cardiac Stepdown,20.0,20.0,20.0,Actual,0,20
2026-10-04 10:00:00,705091,Cardiac Stepdown,19.0,19.0,19.0,Actual,0,20
2026-10-04 11:00:00,705091,Cardiac Stepdown,19.0,19.0,19.0,Actual,0,20
2026-10-04 12:00:00,705091,Cardiac Stepdown,19.0,19.0,19.0,Actual,0,20
2026-10-04 13:00:00,705091,Cardiac Stepdown,19.0,19.0,19.0,Actual,0,20
2026-10-04 14:00:00,705091,Cardiac Stepdown,16.0,16.0,16.0,Actual,0,20
2026-10-04 15:00:00,705091,Cardiac Stepdown,18.0,18.0,18.0,Actual,0,20
2026-10-04 16:00:00,705091,Cardiac Stepdown,19.0,19.0,19.0,Actual,0,20
2026-10-04 17:00:00,705091,Cardiac Stepdown,17.0,17.0,17.0,Actual,0,20
2026-10-04 18:00:00,705091,Cardiac Stepdown,19.0,19.0,19.0,Actual,0,20
2026-10-04 19:00:00,705091,Cardiac Stepdown,20.0,20.0,20.0,Actual,0,20
2026-10-04 20:00:00,705091,Cardiac Stepdown,20.0,20.0,20.0,Actual,0,20
2026-10-04 21:00:00,705091,Cardiac Stepdown,19.0,19.0,19.0,Actual,0,20
2026-10-04 22:00:00,705091,Cardiac Stepdown,18.0,18.0,18.0,Actual,0,20
2026-10-04 23:00:00,705091,Cardiac Stepdown,20.0,20.0,20.0,Actual,0,20
2026-10-05 00:00:00,705091,Cardiac Stepdown,19.0,19.0,19.0,Actual,0,20
2026-10-05 01:00:00,705091,Cardiac Stepdown,18.0,18.0,18.0,Actual,0,20
2026-10-05 02:00:00,705091,Cardiac Stepdown,19.0,19.0,19.0,Actual,0,20
2026-10-05 03:00:00,705091,Cardiac Stepdown,18.0,18.0,18.0,Actual,0,20
2026-10-05 04:00:00,705091,Cardiac Stepdown,19.0,19.0,19.0,Actual,0,20
2026-10-05 05:00:00,705091,Cardiac Stepdown,18.0,18.0,18.0,Actual,0,20
2026-10-05 06:00:00,705091,Cardiac Stepdown,20.0,20.0,20.0,Actual,0,20
2026-10-05 07:00:00,705091,Cardiac Stepdown,20.0,20.0,20.0,Actual,0,20
2026-10-05 08:00:00,705091,Cardiac Stepdown,16.0,16.0,16.0,Actual,0,20
2026-10-05 09:00:00,705091,Cardiac Stepdown,19.0,19.0,19.0,Actual,0,20
2026-10-05 10:00:00,705091,Cardiac Stepdown,18.0,18.0,18.0,Actual,0,20
2026-10-05 11:00:00,705091,Cardiac Stepdown,19.0,19.0,19.0,Actual,0,20
2026-10-05 12:00:00,705091,Cardiac Stepdown,20.0,20.0,20.0,Actual,0,20
2026-10-05 13:00:00,705091,Cardiac Stepdown,17.0,17.0,17.0,Actual,0,20
2026-10-05 14:00:00,705091,Cardiac Stepdown,19.0,19.0,19.0,Actual,0,20
2026-10-05 15:00:00,705091,Cardiac Stepdown,17.0,17.0,17.0,Actual,0,20
2026-10-05 16:00:00,705091,Cardiac Stepdown,17.0,17.0,17.0,Actual,0,20
2026-10-05 17:00:00,705091,Cardiac Stepdown,17.0,17.0,17.0,Actual,0,20
2026-10-05 18:00:00,705091,Cardiac Stepdown,20.0,20.0,20.0,Actual,0,20
2026-10-05 19:00:00,705091,Cardiac Stepdown,19.0,19.0,19.0,Actual,0,20
2026-10-05 20:00:00,705091,Cardiac Stepdown,19.0,19.0,19.0,Actual,0,20
2026-10-05 21:00:00,705091,Cardiac Stepdown,17.0,17.0,17.0,Actual,0,20
2026-10-05 22:00:00,705091,Cardiac Stepdown,18.0,18.0,18.0,Actual,0,20
2026-10-05 23:00:00,705091,Cardiac Stepdown,19.0,19.0,19.0,Actual,0,20
2026-10-06 00:00:00,705091,Cardiac Stepdown,19.0,19.0,19.0,Actual,0,20
2026-10-06 01:00:00,705091,Cardiac Stepdown,19.0,19.0,19.0,Actual,0,20
2026-10-06 02:00:00,705091,Cardiac Stepdown,17.0,17.0,17.0,Actual,0,20
2026-10-06 03:00:00,705091,Cardiac Stepdown,18.0,18.0,18.0,Actual,0,20
2026-10-06 04:00:00,705091,Cardiac Stepdown,19.0,19.0,19.0,Actual,0,20
2026-10-06 05:00:00,705091,Cardiac Stepdown,20.0,20.0,20.0,Actual,0,20
2026-10-06 06:00:00,705091,Cardiac Stepdown,20.0,20.0,20.0,Actual,0,20
2026-10-06 07:00:00,705091,Cardiac Stepdown,20.0,20.0,20.0,Actual,0,20
2026-10-06 08:00:00,705091,Cardiac Stepdown,17.0,17.0,17.0,Actual,0,20
2026-10-06 09:00:00,705091,Cardiac Stepdown,20.0,20.0,20.0,Actual,0,20
2026-10-06 10:00:00,705091,Cardiac Stepdown,19.0,19.0,19.0,Actual,0,20
2026-10-06 11:00:00,705091,Cardiac Stepdown,19.0,19.0,19.0,Actual,0,20
2026-10-06 12:00:00,705091,Cardiac Stepdown,19.0,19.0,19.0,Actual,0,20
2026-10-06 13:00:00,705091,Cardiac Stepdown,20.0,20.0,20.0,Actual,0,20
2026-10-06 14:00:00,705091,Cardiac Stepdown,18.0,18.0,18.0,Actual,0,20
2026-10-06 15:00:00,705091,Cardiac Stepdown,18.0,18.0,18.0,Actual,0,20
2026-10-06 16:00:00,705091,Cardiac Stepdown,17.0,17.0,17.0,Actual,0,20
2026-10-06 17:00:00,705091,Cardiac Stepdown,18.0,18.0,18.0,Actual,0,20
2026-10-06 18:00:00,705091,Cardiac Stepdown,19.0,19.0,19.0,Actual,0,20
2026-09-29 18:00:00,705092,Oncology 5 South,10.0,10.0,10.0,Actual,0,12
2026-09-29 19:00:00,705092,Oncology 5 South,12.0,12.0,12.0,Actual,0,12
2026-09-29 20:00:00,705092,Oncology 5 South,11.0,11.0,11.0,Actual,0,12
2026-09-29 21:00:00,705092,Oncology 5 South,11.0,11.0,11.0,Actual,0,12
2026-09-29 22:00:00,705092,Oncology 5 South,10.0,10.0,10.0,Actual,0,12
2026-09-29 23:00:00,705092,Oncology 5 South,11.0,11.0,11.0,Actual,0,12
2026-09-30 00:00:00,705092,Oncology 5 South,12.0,12.0,12.0,Actual,0,12
2026-09-30 01:00:00,705092,Oncology 5 South,11.0,11.0,11.0,Actual,0,12
2026-09-30 02:00:00,705092,Oncology 5 South,12.0,12.0,12.0,Actual,0,12
2026-09-30 03:00:00,705092,Oncology 5 South,11.0,11.0,11.0,Actual,0,12
2026-09-30 04:00:00,705092,Oncology 5 South,10.0,10.0,10.0,Actual,0,12
2026-09-30 05:00:00,705092,Oncology 5 South,11.0,11.0,11.0,Actual,0,12
2026-09-30 06:00:00,705092,Oncology 5 South,11.0,11.0,11.0,Actual,0,12
2026-09-30 07:00:00,705092,Oncology 5 South,12.0,12.0,12.0,Actual,0,12
2026-09-30 08:00:00,705092,Oncology 5 South,12.0,12.0,12.0,Actual,0,12
2026-09-30 09:00:00,705092,Oncology 5 South,10.0,10.0,10.0,Actual,0,12
2026-09-30 10:00:00,705092,Oncology 5 South,10.0,10.0,10.0,Actual,0,12
2026-09-30 11:00:00,705092,Oncology 5 South,11.0,11.0,11.0,Actual,0,12
2026-09-30 12:00:00,705092,Oncology 5 South,10.0,10.0,10.0,Actual,0,12
2026-09-30 13:00:00,705092,Oncology 5 South,11.0,11.0,11.0,Actual,0,12
2026-09-30 14:00:00,705092,Oncology 5 South,11.0,11.0,11.0,Actual,0,12
2026-09-30 15:00:00,705092,Oncology 5 South,8.0,8.0,8.0,Actual,0,12
2026-09-30 16:00:00,705092,Oncology 5 South,11.0,11.0,11.0,Actual,0,12
2026-09-30 17:00:00,705092,Oncology 5 South,10.0,10.0,10.0,Actual,0,12
2026-09-30 18:00:00,705092,Oncology 5 South,11.0,11.0,11.0,Actual,0,12
2026-09-30 19:00:00,705092,Oncology 5 South,12.0,12.0,12.0,Actual,0,12
2026-09-30 20:00:00,705092,Oncology 5 South,11.0,11.0,11.0,Actual,0,12
2026-09-30 21:00:00,705092,Oncology 5 South,12.0,12.0,12.0,Actual,0,12
2026-09-30 22:00:00,705092,Oncology 5 South,11.0,11.0,11.0,Actual,0,12
2026-09-30 23:00:00,705092,Oncology 5 South,10.0,10.0,10.0,Actual,0,12
2026-10-01 00:00:00,705092,Oncology 5 South,11.0,11.0,11.0,Actual,0,12
2026-10-01 01:00:00,705092,Oncology 5 South,11.0,11.0,11.0,Actual,0,12
2026-10-01 02:00:00,705092,Oncology 5 South,12.0,12.0,12.0,Actual,0,12
2026-10-01 03:00:00,705092,Oncology 5 South,12.0,12.0,12.0,Actual,0,12
2026-10-01 04:00:00,705092,Oncology 5 South,9.0,9.0,9.0,Actual,0,12
2026-10-01 05:00:00,705092,Oncology 5 South,11.0,11.0,11.0,Actual,0,12
2026-10-01 06:00:00,705092,Oncology 5 South,11.0,11.0,11.0,Actual,0,12
2026-10-01 07:00:00,705092,Oncology 5 South,11.0,11.0,11.0,Actual,0,12
2026-10-01 08:00:00,705092,Oncology 5 South,12.0,12.0,12.0,Actual,0,12
2026-10-01 09:00:00,705092,Oncology 5 South,12.0,12.0,12.0,Actual,0,12
2026-10-01 10:00:00,705092,Oncology 5 South,12.0,12.0,12.0,Actual,0,12
2026-10-01 11:00:00,705092,Oncology 5 South,12.0,12.0,12.0,Actual,0,12
2026-10-01 12:00:00,705092,Oncology 5 South,12.0,12.0,12.0,Actual,0,12
2026-10-01 13:00:00,705092,Oncology 5 South,11.0,11.0,11.0,Actual,0,12
2026-10-01 14:00:00,705092,Oncology 5 South,10.0,10.0,10.0,Actual,0,12
2026-10-01 15:00:00,705092,Oncology 5 South,8.0,8.0,8.0,Actual,0,12
2026-10-01 16:00:00,705092,Oncology 5 South,10.0,10.0,10.0,Actual,0,12
2026-10-01 17:00:00,705092,Oncology 5 South,9.0,9.0,9.0,Actual,0,12
2026-10-01 18:00:00,705092,Oncology 5 South,10.0,10.0,10.0,Actual,0,12
2026-10-01 19:00:00,705092,Oncology 5 South,10.0,10.0,10.0,Actual,0,12
2026-10-01 20:00:00,705092,Oncology 5 South,11.0,11.0,11.0,Actual,0,12
2026-10-01 21:00:00,705092,Oncology 5 South,10.0,10.0,10.0,Actual,0,12
2026-10-01 22:00:00,705092,Oncology 5 South,11.0,11.0,11.0,Actual,0,12
2026-10-01 23:00:00,705092,Oncology 5 South,11.0,11.0,11.0,Actual,0,12
2026-10-02 00:00:00,705092,Oncology 5 South,12.0,12.0,12.0,Actual,0,12
2026-10-02 01:00:00,705092,Oncology 5 South,11.0,11.0,11.0,Actual,0,12
2026-10-02 02:00:00,705092,Oncology 5 South,12.0,12.0,12.0,Actual,0,12
2026-10-02 03:00:00,705092,Oncology 5 South,11.0,11.0,11.0,Actual,0,12
2026-10-02 04:00:00,705092,Oncology 5 South,11.0,11.0,11.0,Actual,0,12
2026-10-02 05:00:00,705092,Oncology 5 South,11.0,11.0,11.0,Actual,0,12
2026-10-02 06:00:00,705092,Oncology 5 South,11.0,11.0,11.0,Actual,0,12
2026-10-02 07:00:00,705092,Oncology 5 South,11.0,11.0,11.0,Actual,0,12
2026-10-02 08:00:00,705092,Oncology 5 South,11.0,11.0,11.0,Actual,0,12
2026-10-02 09:00:00,705092,Oncology 5 South,11.0,11.0,11.0,Actual,0,12
2026-10-02 10:00:00,705092,Oncology 5 South,11.0,11.0,11.0,Actual,0,12
2026-10-02 11:00:00,705092,Oncology 5 South,10.0,10.0,10.0,Actual,0,12
2026-10-02 12:00:00,705092,Oncology 5 South,12.0,12.0,12.0,Actual,0,12
2026-10-02 13:00:00,705092,Oncology 5 South,10.0,10.0,10.0,Actual,0,12
2026-10-02 14:00:00,705092,Oncology 5 South,11.0,11.0,11.0,Actual,0,12
2026-10-02 15:00:00,705092,Oncology 5 South,11.0,11.0,11.0,Actual,0,12
2026-10-02 16:00:00,705092,Oncology 5 South,9.0,9.0,9.0,Actual,0,12
2026-10-02 17:00:00,705092,Oncology 5 South,9.0,9.0,9.0,Actual,0,12
2026-10-02 18:00:00,705092,Oncology 5 South,8.0,8.0,8.0,Actual,0,12
2026-10-02 19:00:00,705092,Oncology 5 South,10.0,10.0,10.0,Actual,0,12
2026-10-02 20:00:00,705092,Oncology 5 South,11.0,11.0,11.0,Actual,0,12
2026-10-02 21:00:00,705092,Oncology 5 South,10.0,10.0,10.0,Actual,0,12
2026-10-02 22:00:00,705092,Oncology 5 South,11.0,11.0,11.0,Actual,0,12
2026-10-02 23:00:00,705092,Oncology 5 South,10.0,10.0,10.0,Actual,0,12
2026-10-03 00:00:00,705092,Oncology 5 South,11.0,11.0,11.0,Actual,0,12
2026-10-03 01:00:00,705092,Oncology 5 South,11.0,11.0,11.0,Actual,0,12
2026-10-03 02:00:00,705092,Oncology 5 South,12.0,12.0,12.0,Actual,0,12
2026-10-03 03:00:00,705092,Oncology 5 South,12.0,12.0,12.0,Actual,0,12
2026-10-03 04:00:00,705092,Oncology 5 South,11.0,11.0,11.0,Actual,0,12
2026-10-03 05:00:00,705092,Oncology 5 South,12.0,12.0,12.0,Actual,0,12
2026-10-03 06:00:00,705092,Oncology 5 South,9.0,9.0,9.0,Actual,0,12
2026-10-03 07:00:00,705092,Oncology 5 South,11.0,11.0,11.0,Actual,0,12
2026-10-03 08:00:00,705092,Oncology 5 South,10.0,10.0,10.0,Actual,0,12
2026-10-03 09:00:00,705092,Oncology 5 South,11.0,11.0,11.0,Actual,0,12
2026-10-03 10:00:00,705092,Oncology 5 South,12.0,12.0,12.0,Actual,0,12
2026-10-03 11:00:00,705092,Oncology 5 South,10.0,10.0,10.0,Actual,0,12
2026-10-03 12:00:00,705092,Oncology 5 South,10.0,10.0,10.0,Actual,0,12
2026-10-03 13:00:00,705092,Oncology 5 South,11.0,11.0,11.0,Actual,0,12
2026-10-03 14:00:00,705092,Oncology 5 South,11.0,11.0,11.0,Actual,0,12
2026-10-03 15:00:00,705092,Oncology 5 South,12.0,12.0,12.0,Actual,0,12
2026-10-03 16:00:00,705092,Oncology 5 South,11.0,11.0,11.0,Actual,0,12
2026-10-03 17:00:00,705092,Oncology 5 South,11.0,11.0,11.0,Actual,0,12
2026-10-03 18:00:00,705092,Oncology 5 South,8.0,8.0,8.0,Actual,0,12
2026-10-03 19:00:00,705092,Oncology 5 South,11.0,11.0,11.0,Actual,0,12
2026-10-03 20:00:00,705092,Oncology 5 South,9.0,9.0,9.0,Actual,0,12
2026-10-03 21:00:00,705092,Oncology 5 South,11.0,11.0,11.0,Actual,0,12
2026-10-03 22:00:00,705092,Oncology 5 South,10.0,10.0,10.0,Actual,0,12
2026-10-03 23:00:00,705092,Oncology 5 South,11.0,11.0,11.0,Actual,0,12
2026-10-04 00:00:00,705092,Oncology 5 South,12.0,12.0,12.0,Actual,0,12
2026-10-04 01:00:00,705092,Oncology 5 South,11.0,11.0,11.0,Actual,0,12
2026-10-04 02:00:00,705092,Oncology 5 South,12.0,12.0,12.0,Actual,0,12
2026-10-04 03:00:00,705092,Oncology 5 South,11.0,11.0,11.0,Actual,0,12
2026-10-04 04:00:00,705092,Oncology 5 South,8.0,8.0,8.0,Actual,0,12
2026-10-04 05:00:00,705092,Oncology 5 South,11.0,11.0,11.0,Actual,0,12
2026-10-04 06:00:00,705092,Oncology 5 South,11.0,11.0,11.0,Actual,0,12
2026-10-04 07:00:00,705092,Oncology 5 South,10.0,10.0,10.0,Actual,0,12
2026-10-04 08:00:00,705092,Oncology 5 South,9.0,9.0,9.0,Actual,0,12
2026-10-04 09:00:00,705092,Oncology 5 South,11.0,11.0,11.0,Actual,0,12
2026-10-04 10:00:00,705092,Oncology 5 South,10.0,10.0,10.0,Actual,0,12
2026-10-04 11:00:00,705092,Oncology 5 South,10.0,10.0,10.0,Actual,0,12
2026-10-04 12:00:00,705092,Oncology 5 South,11.0,11.0,11.0,Actual,0,12
2026-10-04 13:00:00,705092,Oncology 5 South,12.0,12.0,12.0,Actual,0,12
2026-10-04 14:00:00,705092,Oncology 5 South,12.0,12.0,12.0,Actual,0,12
2026-10-04 15:00:00,705092,Oncology 5 South,10.0,10.0,10.0,Actual,0,12
2026-10-04 16:00:00,705092,Oncology 5 South,11.0,11.0,11.0,Actual,0,12
2026-10-04 17:00:00,705092,Oncology 5 South,12.0,12.0,12.0,Actual,0,12
2026-10-04 18:00:00,705092,Oncology 5 South,10.0,10.0,10.0,Actual,0,12
2026-10-04 19:00:00,705092,Oncology 5 South,11.0,11.0,11.0,Actual,0,12
2026-10-04 20:00:00,705092,Oncology 5 South,11.0,11.0,11.0,Actual,0,12
2026-10-04 21:00:00,705092,Oncology 5 South,10.0,10.0,10.0,Actual,0,12
2026-10-04 22:00:00,705092,Oncology 5 South,11.0,11.0,11.0,Actual,0,12
2026-10-04 23:00:00,705092,Oncology 5 South,8.0,8.0,8.0,Actual,0,12
2026-10-05 00:00:00,705092,Oncology 5 South,11.0,11.0,11.0,Actual,0,12
2026-10-05 01:00:00,705092,Oncology 5 South,9.0,9.0,9.0,Actual,0,12
2026-10-05 02:00:00,705092,Oncology 5 South,10.0,10.0,10.0,Actual,0,12
2026-10-05 03:00:00,705092,Oncology 5 South,12.0,12.0,12.0,Actual,0,12
2026-10-05 04:00:00,705092,Oncology 5 South,10.0,10.0,10.0,Actual,0,12
2026-10-05 05:00:00,705092,Oncology 5 South,11.0,11.0,11.0,Actual,0,12
2026-10-05 06:00:00,705092,Oncology 5 South,11.0,11.0,11.0,Actual,0,12
2026-10-05 07:00:00,705092,Oncology 5 South,8.0,8.0,8.0,Actual,0,12
2026-10-05 08:00:00,705092,Oncology 5 South,9.0,9.0,9.0,Actual,0,12
2026-10-05 09:00:00,705092,Oncology 5 South,9.0,9.0,9.0,Actual,0,12
2026-10-05 10:00:00,705092,Oncology 5 South,11.0,11.0,11.0,Actual,0,12
2026-10-05 11:00:00,705092,Oncology 5 South,8.0,8.0,8.0,Actual,0,12
2026-10-05 12:00:00,705092,Oncology 5 South,10.0,10.0,10.0,Actual,0,12
2026-10-05 13:00:00,705092,Oncology 5 South,10.0,10.0,10.0,Actual,0,12
2026-10-05 14:00:00,705092,Oncology 5 South,11.0,11.0,11.0,Actual,0,12
2026-10-05 15:00:00,705092,Oncology 5 South,9.0,9.0,9.0,Actual,0,12
2026-10-05 16:00:00,705092,Oncology 5 South,10.0,10.0,10.0,Actual,0,12
2026-10-05 17:00:00,705092,Oncology 5 South,11.0,11.0,11.0,Actual,0,12
2026-10-05 18:00:00,705092,Oncology 5 South,11.0,11.0,11.0,Actual,0,12
2026-10-05 19:00:00,705092,Oncology 5 South,11.0,11.0,11.0,Actual,0,12
2026-10-05 20:00:00,705092,Oncology 5 South,11.0,11.0,11.0,Actual,0,12
2026-10-05 21:00:00,705092,Oncology 5 South,12.0,12.0,12.0,Actual,0,12
2026-10-05 22:00:00,705092,Oncology 5 South,11.0,11.0,11.0,Actual,0,12
2026-10-05 23:00:00,705092,Oncology 5 South,8.0,8.0,8.0,Actual,0,12
2026-10-06 00:00:00,705092,Oncology 5 South,12.0,12.0,12.0,Actual,0,12
2026-10-06 01:00:00,705092,Oncology 5 South,11.0,11.0,11.0,Actual,0,12
2026-10-06 02:00:00,705092,Oncology 5 South,11.0,11.0,11.0,Actual,0,12
2026-10-06 03:00:00,705092,Oncology 5 South,11.0,11.0,11.0,Actual,0,12
2026-10-06 04:00:00,705092,Oncology 5 South,10.0,10.0,10.0,Actual,0,12
2026-10-06 05:00:00,705092,Oncology 5 South,8.0,8.0,8.0,Actual,0,12
2026-10-06 06:00:00,705092,Oncology 5 South,11.0,11.0,11.0,Actual,0,12
2026-10-06 07:00:00,705092,Oncology 5 South,11.0,11.0,11.0,Actual,0,12
2026-10-06 08:00:00,705092,Oncology 5 South,9.0,9.0,9.0,Actual,0,12
2026-10-06 09:00:00,705092,Oncology 5 South,10.0,10.0,10.0,Actual,0,12
2026-10-06 10:00:00,705092,Oncology 5 South,11.0,11.0,11.0,Actual,0,12
2026-10-06 11:00:00,705092,Oncology 5 South,12.0,12.0,12.0,Actual,0,12
2026-10-06 12:00:00,705092,Oncology 5 South,12.0,12.0,12.0,Actual,0,12
2026-10-06 13:00:00,705092,Oncology 5 South,12.0,12.0,12.0,Actual,0,12
2026-10-06 14:00:00,705092,Oncology 5 South,10.0,10.0,10.0,Actual,0,12
2026-10-06 15:00:00,705092,Oncology 5 South,10.0,10.0,10.0,Actual,0,12
2026-10-06 16:00:00,705092,Oncology 5 South,11.0,11.0,11.0,Actual,0,12
2026-10-06 17:00:00,705092,Oncology 5 South,9.0,9.0,9.0,Actual,0,12
2026-10-06 18:00:00,705092,Oncology 5 South,11.0,11.0,11.0,Actual,0,12
2026-09-29 18:00:00,21334825,Surgical 2 West,12.0,12.0,12.0,Actual,0,13
2026-09-29 19:00:00,21334825,Surgical 2 West,11.0,11.0,11.0,Actual,0,13
2026-09-29 20:00:00,21334825,Surgical 2 West,12.0,12.0,12.0,Actual,0,13
2026-09-29 21:00:00,21334825,Surgical 2 West,11.0,11.0,11.0,Actual,0,13
2026-09-29 22:00:00,21334825,Surgical 2 West,12.0,12.0,12.0,Actual,0,13
2026-09-29 23:00:00,21334825,Surgical 2 West,11.0,11.0,11.0,Actual,0,13
2026-09-30 00:00:00,21334825,Surgical 2 West,11.0,11.0,11.0,Actual,0,13
2026-09-30 01:00:00,21334825,Surgical 2 West,11.0,11.0,11.0,Actual,0,13
2026-09-30 02:00:00,21334825,Surgical 2 West,11.0,11.0,11.0,Actual,0,13
2026-09-30 03:00:00,21334825,Surgical 2 West,11.0,11.0,11.0,Actual,0,13
2026-09-30 04:00:00,21334825,Surgical 2 West,13.0,13.0,13.0,Actual,0,13
2026-09-30 05:00:00,21334825,Surgical 2 West,10.0,10.0,10.0,Actual,0,13
2026-09-30 06:00:00,21334825,Surgical 2 West,12.0,12.0,12.0,Actual,0,13
2026-09-30 07:00:00,21334825,Surgical 2 West,13.0,13.0,13.0,Actual,0,13
2026-09-30 08:00:00,21334825,Surgical 2 West,13.0,13.0,13.0,Actual,0,13
2026-09-30 09:00:00,21334825,Surgical 2 West,12.0,12.0,12.0,Actual,0,13
2026-09-30 10:00:00,21334825,Surgical 2 West,12.0,12.0,12.0,Actual,0,13
2026-09-30 11:00:00,21334825,Surgical 2 West,11.0,11.0,11.0,Actual,0,13
2026-09-30 12:00:00,21334825,Surgical 2 West,12.0,12.0,12.0,Actual,0,13
2026-09-30 13:00:00,21334825,Surgical 2 West,13.0,13.0,13.0,Actual,0,13
2026-09-30 14:00:00,21334825,Surgical 2 West,11.0,11.0,11.0,Actual,0,13
2026-09-30 15:00:00,21334825,Surgical 2 West,10.0,10.0,10.0,Actual,0,13
2026-09-30 16:00:00,21334825,Surgical 2 West,12.0,12.0,12.0,Actual,0,13
2026-09-30 17:00:00,21334825,Surgical 2 West,10.0,10.0,10.0,Actual,0,13
2026-09-30 18:00:00,21334825,Surgical 2 West,13.0,13.0,13.0,Actual,0,13
2026-09-30 19:00:00,21334825,Surgical 2 West,11.0,11.0,11.0,Actual,0,13
2026-09-30 20:00:00,21334825,Surgical 2 West,13.0,13.0,13.0,Actual,0,13
2026-09-30 21:00:00,21334825,Surgical 2 West,13.0,13.0,13.0,Actual,0,13
2026-09-30 22:00:00,21334825,Surgical 2 West,11.0,11.0,11.0,Actual,0,13
2026-09-30 23:00:00,21334825,Surgical 2 West,12.0,12.0,12.0,Actual,0,13
2026-10-01 00:00:00,21334825,Surgical 2 West,12.0,12.0,12.0,Actual,0,13
2026-10-01 01:00:00,21334825,Surgical 2 West,12.0,12.0,12.0,Actual,0,13
2026-10-01 02:00:00,21334825,Surgical 2 West,12.0,12.0,12.0,Actual,0,13
2026-10-01 03:00:00,21334825,Surgical 2 West,12.0,12.0,12.0,Actual,0,13
2026-10-01 04:00:00,21334825,Surgical 2 West,13.0,13.0,13.0,Actual,0,13
2026-10-01 05:00:00,21334825,Surgical 2 West,12.0,12.0,12.0,Actual,0,13
2026-10-01 06:00:00,21334825,Surgical 2 West,13.0,13.0,13.0,Actual,0,13
2026-10-01 07:00:00,21334825,Surgical 2 West,11.0,11.0,11.0,Actual,0,13
2026-10-01 08:00:00,21334825,Surgical 2 West,12.0,12.0,12.0,Actual,0,13
2026-10-01 09:00:00,21334825,Surgical 2 West,13.0,13.0,13.0,Actual,0,13
2026-10-01 10:00:00,21334825,Surgical 2 West,12.0,12.0,12.0,Actual,0,13
2026-10-01 11:00:00,21334825,Surgical 2 West,11.0,11.0,11.0,Actual,0,13
2026-10-01 12:00:00,21334825,Surgical 2 West,13.0,13.0,13.0,Actual,0,13
2026-10-01 13:00:00,21334825,Surgical 2 West,11.0,11.0,11.0,Actual,0,13
2026-10-01 14:00:00,21334825,Surgical 2 West,13.0,13.0,13.0,Actual,0,13
2026-10-01 15:00:00,21334825,Surgical 2 West,13.0,13.0,13.0,Actual,0,13
2026-10-01 16:00:00,21334825,Surgical 2 West,12.0,12.0,12.0,Actual,0,13
2026-10-01 17:00:00,21334825,Surgical 2 West,12.0,12.0,12.0,Actual,0,13
2026-10-01 18:00:00,21334825,Surgical 2 West,12.0,12.0,12.0,Actual,0,13
2026-10-01 19:00:00,21334825,Surgical 2 West,12.0,12.0,12.0,Actual,0,13
2026-10-01 20:00:00,21334825,Surgical 2 West,12.0,12.0,12.0,Actual,0,13
2026-10-01 21:00:00,21334825,Surgical 2 West,13.0,13.0,13.0,Actual,0,13
2026-10-01 22:00:00,21334825,Surgical 2 West,13.0,13.0,13.0,Actual,0,13
2026-10-01 23:00:00,21334825,Surgical 2 West,12.0,12.0,12.0,Actual,0,13
2026-10-02 00:00:00,21334825,Surgical 2 West,12.0,12.0,12.0,Actual,0,13
2026-10-02 01:00:00,21334825,Surgical 2 West,13.0,13.0,13.0,Actual,0,13
2026-10-02 02:00:00,21334825,Surgical 2 West,12.0,12.0,12.0,Actual,0,13
2026-10-02 03:00:00,21334825,Surgical 2 West,11.0,11.0,11.0,Actual,0,13
2026-10-02 04:00:00,21334825,Surgical 2 West,12.0,12.0,12.0,Actual,0,13
2026-10-02 05:00:00,21334825,Surgical 2 West,13.0,13.0,13.0,Actual,0,13
2026-10-02 06:00:00,21334825,Surgical 2 West,12.0,12.0,12.0,Actual,0,13
2026-10-02 07:00:00,21334825,Surgical 2 West,13.0,13.0,13.0,Actual,0,13
2026-10-02 08:00:00,21334825,Surgical 2 West,12.0,12.0,12.0,Actual,0,13
2026-10-02 09:00:00,21334825,Surgical 2 West,12.0,12.0,12.0,Actual,0,13
2026-10-02 10:00:00,21334825,Surgical 2 West,13.0,13.0,13.0,Actual,0,13
2026-10-02 11:00:00,21334825,Surgical 2 West,11.0,11.0,11.0,Actual,0,13
2026-10-02 12:00:00,21334825,Surgical 2 West,13.0,13.0,13.0,Actual,0,13
2026-10-02 13:00:00,21334825,Surgical 2 West,13.0,13.0,13.0,Actual,0,13
2026-10-02 14:00:00,21334825,Surgical 2 West,12.0,12.0,12.0,Actual,0,13
2026-10-02 15:00:00,21334825,Surgical 2 West,11.0,11.0,11.0,Actual,0,13
2026-10-02 16:00:00,21334825,Surgical 2 West,12.0,12.0,12.0,Actual,0,13
2026-10-02 17:00:00,21334825,Surgical 2 West,13.0,13.0,13.0,Actual,0,13
2026-10-02 18:00:00,21334825,Surgical 2 West,12.0,12.0,12.0,Actual,0,13
2026-10-02 19:00:00,21334825,Surgical 2 West,12.0,12.0,12.0,Actual,0,13
2026-10-02 20:00:00,21334825,Surgical 2 West,12.0,12.0,12.0,Actual,0,13
2026-10-02 21:00:00,21334825,Surgical 2 West,10.0,10.0,10.0,Actual,0,13
2026-10-02 22:00:00,21334825,Surgical 2 West,13.0,13.0,13.0,Actual,0,13
2026-10-02 23:00:00,21334825,Surgical 2 West,10.0,10.0,10.0,Actual,0,13
2026-10-03 00:00:00,21334825,Surgical 2 West,13.0,13.0,13.0,Actual,0,13
2026-10-03 01:00:00,21334825,Surgical 2 West,12.0,12.0,12.0,Actual,0,13
2026-10-03 02:00:00,21334825,Surgical 2 West,12.0,12.0,12.0,Actual,0,13
2026-10-03 03:00:00,21334825,Surgical 2 West,11.0,11.0,11.0,Actual,0,13
2026-10-03 04:00:00,21334825,Surgical 2 West,12.0,12.0,12.0,Actual,0,13
2026-10-03 05:00:00,21334825,Surgical 2 West,12.0,12.0,12.0,Actual,0,13
2026-10-03 06:00:00,21334825,Surgical 2 West,13.0,13.0,13.0,Actual,0,13
2026-10-03 07:00:00,21334825,Surgical 2 West,12.0,12.0,12.0,Actual,0,13
2026-10-03 08:00:00,21334825,Surgical 2 West,13.0,13.0,13.0,Actual,0,13
2026-10-03 09:00:00,21334825,Surgical 2 West,13.0,13.0,13.0,Actual,0,13
2026-10-03 10:00:00,21334825,Surgical 2 West,12.0,12.0,12.0,Actual,0,13
2026-10-03 11:00:00,21334825,Surgical 2 West,12.0,12.0,12.0,Actual,0,13
2026-10-03 12:00:00,21334825,Surgical 2 West,13.0,13.0,13.0,Actual,0,13
2026-10-03 13:00:00,21334825,Surgical 2 West,13.0,13.0,13.0,Actual,0,13
2026-10-03 14:00:00,21334825,Surgical 2 West,11.0,11.0,11.0,Actual,0,13
2026-10-03 15:00:00,21334825,Surgical 2 West,12.0,12.0,12.0,Actual,0,13
2026-10-03 16:00:00,21334825,Surgical 2 West,12.0,12.0,12.0,Actual,0,13
2026-10-03 17:00:00,21334825,Surgical 2 West,10.0,10.0,10.0,Actual,0,13
2026-10-03 18:00:00,21334825,Surgical 2 West,12.0,12.0,12.0,Actual,0,13
2026-10-03 19:00:00,21334825,Surgical 2 West,12.0,12.0,12.0,Actual,0,13
2026-10-03 20:00:00,21334825,Surgical 2 West,13.0,13.0,13.0,Actual,0,13
2026-10-03 21:00:00,21334825,Surgical 2 West,11.0,11.0,11.0,Actual,0,13
2026-10-03 22:00:00,21334825,Surgical 2 West,12.0,12.0,12.0,Actual,0,13
2026-10-03 23:00:00,21334825,Surgical 2 West,11.0,11.0,11.0,Actual,0,13
2026-10-04 00:00:00,21334825,Surgical 2 West,13.0,13.0,13.0,Actual,0,13
2026-10-04 01:00:00,21334825,Surgical 2 West,13.0,13.0,13.0,Actual,0,13
2026-10-04 02:00:00,21334825,Surgical 2 West,12.0,12.0,12.0,Actual,0,13
2026-10-04 03:00:00,21334825,Surgical 2 West,12.0,12.0,12.0,Actual,0,13
2026-10-04 04:00:00,21334825,Surgical 2 West,12.0,12.0,12.0,Actual,0,13
2026-10-04 05:00:00,21334825,Surgical 2 West,13.0,13.0,13.0,Actual,0,13
2026-10-04 06:00:00,21334825,Surgical 2 West,12.0,12.0,12.0,Actual,0,13
2026-10-04 07:00:00,21334825,Surgical 2 West,12.0,12.0,12.0,Actual,0,13
2026-10-04 08:00:00,21334825,Surgical 2 West,12.0,12.0,12.0,Actual,0,13
2026-10-04 09:00:00,21334825,Surgical 2 West,11.0,11.0,11.0,Actual,0,13
2026-10-04 10:00:00,21334825,Surgical 2 West,12.0,12.0,12.0,Actual,0,13
2026-10-04 11:00:00,21334825,Surgical 2 West,12.0,12.0,12.0,Actual,0,13
2026-10-04 12:00:00,21334825,Surgical 2 West,13.0,13.0,13.0,Actual,0,13
2026-10-04 13:00:00,21334825,Surgical 2 West,12.0,12.0,12.0,Actual,0,13
2026-10-04 14:00:00,21334825,Surgical 2 West,12.0,12.0,12.0,Actual,0,13
2026-10-04 15:00:00,21334825,Surgical 2 West,13.0,13.0,13.0,Actual,0,13
2026-10-04 16:00:00,21334825,Surgical 2 West,13.0,13.0,13.0,Actual,0,13
2026-10-04 17:00:00,21334825,Surgical 2 West,11.0,11.0,11.0,Actual,0,13
2026-10-04 18:00:00,21334825,Surgical 2 West,12.0,12.0,12.0,Actual,0,13
2026-10-04 19:00:00,21334825,Surgical 2 West,11.0,11.0,11.0,Actual,0,13
2026-10-04 20:00:00,21334825,Surgical 2 West,12.0,12.0,12.0,Actual,0,13
2026-10-04 21:00:00,21334825,Surgical 2 West,13.0,13.0,13.0,Actual,0,13
2026-10-04 22:00:00,21334825,Surgical 2 West,12.0,12.0,12.0,Actual,0,13
2026-10-04 23:00:00,21334825,Surgical 2 West,12.0,12.0,12.0,Actual,0,13
2026-10-05 00:00:00,21334825,Surgical 2 West,10.0,10.0,10.0,Actual,0,13
2026-10-05 01:00:00,21334825,Surgical 2 West,13.0,13.0,13.0,Actual,0,13
2026-10-05 02:00:00,21334825,Surgical 2 West,13.0,13.0,13.0,Actual,0,13
2026-10-05 03:00:00,21334825,Surgical 2 West,12.0,12.0,12.0,Actual,0,13
2026-10-05 04:00:00,21334825,Surgical 2 West,12.0,12.0,12.0,Actual,0,13
2026-10-05 05:00:00,21334825,Surgical 2 West,12.0,12.0,12.0,Actual,0,13
2026-10-05 06:00:00,21334825,Surgical 2 West,10.0,10.0,10.0,Actual,0,13
2026-10-05 07:00:00,21334825,Surgical 2 West,10.0,10.0,10.0,Actual,0,13
2026-10-05 08:00:00,21334825,Surgical 2 West,12.0,12.0,12.0,Actual,0,13
2026-10-05 09:00:00,21334825,Surgical 2 West,11.0,11.0,11.0,Actual,0,13
2026-10-05 10:00:00,21334825,Surgical 2 West,12.0,12.0,12.0,Actual,0,13
2026-10-05 11:00:00,21334825,Surgical 2 West,13.0,13.0,13.0,Actual,0,13
2026-10-05 12:00:00,21334825,Surgical 2 West,13.0,13.0,13.0,Actual,0,13
2026-10-05 13:00:00,21334825,Surgical 2 West,11.0,11.0,11.0,Actual,0,13
2026-10-05 14:00:00,21334825,Surgical 2 West,11.0,11.0,11.0,Actual,0,13
2026-10-05 15:00:00,21334825,Surgical 2 West,12.0,12.0,12.0,Actual,0,13
2026-10-05 16:00:00,21334825,Surgical 2 West,12.0,12.0,12.0,Actual,0,13
2026-10-05 17:00:00,21334825,Surgical 2 West,12.0,12.0,12.0,Actual,0,13
2026-10-05 18:00:00,21334825,Surgical 2 West,13.0,13.0,13.0,Actual,0,13
2026-10-05 19:00:00,21334825,Surgical 2 West,12.0,12.0,12.0,Actual,0,13
2026-10-05 20:00:00,21334825,Surgical 2 West,12.0,12.0,12.0,Actual,0,13
2026-10-05 21:00:00,21334825,Surgical 2 West,10.0,10.0,10.0,Actual,0,13
2026-10-05 22:00:00,21334825,Surgical 2 West,12.0,12.0,12.0,Actual,0,13
2026-10-05 23:00:00,21334825,Surgical 2 West,13.0,13.0,13.0,Actual,0,13
2026-10-06 00:00:00,21334825,Surgical 2 West,11.0,11.0,11.0,Actual,0,13
2026-10-06 01:00:00,21334825,Surgical 2 West,13.0,13.0,13.0,Actual,0,13
2026-10-06 02:00:00,21334825,Surgical 2 West,11.0,11.0,11.0,Actual,0,13
2026-10-06 03:00:00,21334825,Surgical 2 West,12.0,12.0,12.0,Actual,0,13
2026-10-06 04:00:00,21334825,Surgical 2 West,12.0,12.0,12.0,Actual,0,13
2026-10-06 05:00:00,21334825,Surgical 2 West,10.0,10.0,10.0,Actual,0,13
2026-10-06 06:00:00,21334825,Surgical 2 West,13.0,13.0,13.0,Actual,0,13
2026-10-06 07:00:00,21334825,Surgical 2 West,12.0,12.0,12.0,Actual,0,13
2026-10-06 08:00:00,21334825,Surgical 2 West,12.0,12.0,12.0,Actual,0,13
2026-10-06 09:00:00,21334825,Surgical 2 West,12.0,12.0,12.0,Actual,0,13
2026-10-06 10:00:00,21334825,Surgical 2 West,13.0,13.0,13.0,Actual,0,13
2026-10-06 11:00:00,21334825,Surgical 2 West,10.0,10.0,10.0,Actual,0,13
2026-10-06 12:00:00,21334825,Surgical 2 West,10.0,10.0,10.0,Actual,0,13
2026-10-06 13:00:00,21334825,Surgical 2 West,10.0,10.0,10.0,Actual,0,13
2026-10-06 14:00:00,21334825,Surgical 2 West,12.0,12.0,12.0,Actual,0,13
2026-10-06 15:00:00,21334825,Surgical 2 West,12.0,12.0,12.0,Actual,0,13
2026-10-06 16:00:00,21334825,Surgical 2 West,13.0,13.0,13.0,Actual,0,13
2026-10-06 17:00:00,21334825,Surgical 2 West,12.0,12.0,12.0,Actual,0,13
2026-10-06 18:00:00,21334825,Surgical 2 West,12.0,12.0,12.0,Actual,0,13
2026-09-29 18:00:00,21336305,Orthopedic 6 North,12.0,12.0,12.0,Actual,0,13
2026-09-29 19:00:00,21336305,Orthopedic 6 North,13.0,13.0,13.0,Actual,0,13
2026-09-29 20:00:00,21336305,Orthopedic 6 North,12.0,12.0,12.0,Actual,0,13
2026-09-29 21:00:00,21336305,Orthopedic 6 North,12.0,12.0,12.0,Actual,0,13
2026-09-29 22:00:00,21336305,Orthopedic 6 North,11.0,11.0,11.0,Actual,0,13
2026-09-29 23:00:00,21336305,Orthopedic 6 North,13.0,13.0,13.0,Actual,0,13
2026-09-30 00:00:00,21336305,Orthopedic 6 North,12.0,12.0,12.0,Actual,0,13
2026-09-30 01:00:00,21336305,Orthopedic 6 North,13.0,13.0,13.0,Actual,0,13
2026-09-30 02:00:00,21336305,Orthopedic 6 North,13.0,13.0,13.0,Actual,0,13
2026-09-30 03:00:00,21336305,Orthopedic 6 North,10.0,10.0,10.0,Actual,0,13
2026-09-30 04:00:00,21336305,Orthopedic 6 North,12.0,12.0,12.0,Actual,0,13
2026-09-30 05:00:00,21336305,Orthopedic 6 North,13.0,13.0,13.0,Actual,0,13
2026-09-30 06:00:00,21336305,Orthopedic 6 North,12.0,12.0,12.0,Actual,0,13
2026-09-30 07:00:00,21336305,Orthopedic 6 North,13.0,13.0,13.0,Actual,0,13
2026-09-30 08:00:00,21336305,Orthopedic 6 North,12.0,12.0,12.0,Actual,0,13
2026-09-30 09:00:00,21336305,Orthopedic 6 North,12.0,12.0,12.0,Actual,0,13
2026-09-30 10:00:00,21336305,Orthopedic 6 North,11.0,11.0,11.0,Actual,0,13
2026-09-30 11:00:00,21336305,Orthopedic 6 North,13.0,13.0,13.0,Actual,0,13
2026-09-30 12:00:00,21336305,Orthopedic 6 North,11.0,11.0,11.0,Actual,0,13
2026-09-30 13:00:00,21336305,Orthopedic 6 North,12.0,12.0,12.0,Actual,0,13
2026-09-30 14:00:00,21336305,Orthopedic 6 North,13.0,13.0,13.0,Actual,0,13
2026-09-30 15:00:00,21336305,Orthopedic 6 North,13.0,13.0,13.0,Actual,0,13
2026-09-30 16:00:00,21336305,Orthopedic 6 North,12.0,12.0,12.0,Actual,0,13
2026-09-30 17:00:00,21336305,Orthopedic 6 North,12.0,12.0,12.0,Actual,0,13
2026-09-30 18:00:00,21336305,Orthopedic 6 North,11.0,11.0,11.0,Actual,0,13
2026-09-30 19:00:00,21336305,Orthopedic 6 North,12.0,12.0,12.0,Actual,0,13
2026-09-30 20:00:00,21336305,Orthopedic 6 North,12.0,12.0,12.0,Actual,0,13
2026-09-30 21:00:00,21336305,Orthopedic 6 North,12.0,12.0,12.0,Actual,0,13
2026-09-30 22:00:00,21336305,Orthopedic 6 North,12.0,12.0,12.0,Actual,0,13
2026-09-30 23:00:00,21336305,Orthopedic 6 North,11.0,11.0,11.0,Actual,0,13
2026-10-01 00:00:00,21336305,Orthopedic 6 North,10.0,10.0,10.0,Actual,0,13
2026-10-01 01:00:00,21336305,Orthopedic 6 North,12.0,12.0,12.0,Actual,0,13
2026-10-01 02:00:00,21336305,Orthopedic 6 North,13.0,13.0,13.0,Actual,0,13
2026-10-01 03:00:00,21336305,Orthopedic 6 North,12.0,12.0,12.0,Actual,0,13
2026-10-01 04:00:00,21336305,Orthopedic 6 North,13.0,13.0,13.0,Actual,0,13
2026-10-01 05:00:00,21336305,Orthopedic 6 North,12.0,12.0,12.0,Actual,0,13
2026-10-01 06:00:00,21336305,Orthopedic 6 North,13.0,13.0,13.0,Actual,0,13
2026-10-01 07:00:00,21336305,Orthopedic 6 North,13.0,13.0,13.0,Actual,0,13
2026-10-01 08:00:00,21336305,Orthopedic 6 North,12.0,12.0,12.0,Actual,0,13
2026-10-01 09:00:00,21336305,Orthopedic 6 North,13.0,13.0,13.0,Actual,0,13
2026-10-01 10:00:00,21336305,Orthopedic 6 North,12.0,12.0,12.0,Actual,0,13
2026-10-01 11:00:00,21336305,Orthopedic 6 North,13.0,13.0,13.0,Actual,0,13
2026-10-01 12:00:00,21336305,Orthopedic 6 North,12.0,12.0,12.0,Actual,0,13
2026-10-01 13:00:00,21336305,Orthopedic 6 North,12.0,12.0,12.0,Actual,0,13
2026-10-01 14:00:00,21336305,Orthopedic 6 North,12.0,12.0,12.0,Actual,0,13
2026-10-01 15:00:00,21336305,Orthopedic 6 North,12.0,12.0,12.0,Actual,0,13
2026-10-01 16:00:00,21336305,Orthopedic 6 North,12.0,12.0,12.0,Actual,0,13
2026-10-01 17:00:00,21336305,Orthopedic 6 North,11.0,11.0,11.0,Actual,0,13
2026-10-01 18:00:00,21336305,Orthopedic 6 North,12.0,12.0,12.0,Actual,0,13
2026-10-01 19:00:00,21336305,Orthopedic 6 North,12.0,12.0,12.0,Actual,0,13
2026-10-01 20:00:00,21336305,Orthopedic 6 North,12.0,12.0,12.0,Actual,0,13
2026-10-01 21:00:00,21336305,Orthopedic 6 North,12.0,12.0,12.0,Actual,0,13
2026-10-01 22:00:00,21336305,Orthopedic 6 North,12.0,12.0,12.0,Actual,0,13
2026-10-01 23:00:00,21336305,Orthopedic 6 North,10.0,10.0,10.0,Actual,0,13
2026-10-02 00:00:00,21336305,Orthopedic 6 North,12.0,12.0,12.0,Actual,0,13
2026-10-02 01:00:00,21336305,Orthopedic 6 North,12.0,12.0,12.0,Actual,0,13
2026-10-02 02:00:00,21336305,Orthopedic 6 North,13.0,13.0,13.0,Actual,0,13
2026-10-02 03:00:00,21336305,Orthopedic 6 North,12.0,12.0,12.0,Actual,0,13
2026-10-02 04:00:00,21336305,Orthopedic 6 North,13.0,13.0,13.0,Actual,0,13
2026-10-02 05:00:00,21336305,Orthopedic 6 North,11.0,11.0,11.0,Actual,0,13
2026-10-02 06:00:00,21336305,Orthopedic 6 North,12.0,12.0,12.0,Actual,0,13
2026-10-02 07:00:00,21336305,Orthopedic 6 North,11.0,11.0,11.0,Actual,0,13
2026-10-02 08:00:00,21336305,Orthopedic 6 North,13.0,13.0,13.0,Actual,0,13
2026-10-02 09:00:00,21336305,Orthopedic 6 North,12.0,12.0,12.0,Actual,0,13
2026-10-02 10:00:00,21336305,Orthopedic 6 North,12.0,12.0,12.0,Actual,0,13
2026-10-02 11:00:00,21336305,Orthopedic 6 North,12.0,12.0,12.0,Actual,0,13
2026-10-02 12:00:00,21336305,Orthopedic 6 North,13.0,13.0,13.0,Actual,0,13
2026-10-02 13:00:00,21336305,Orthopedic 6 North,12.0,12.0,12.0,Actual,0,13
2026-10-02 14:00:00,21336305,Orthopedic 6 North,11.0,11.0,11.0,Actual,0,13
2026-10-02 15:00:00,21336305,Orthopedic 6 North,12.0,12.0,12.0,Actual,0,13
2026-10-02 16:00:00,21336305,Orthopedic 6 North,11.0,11.0,11.0,Actual,0,13
2026-10-02 17:00:00,21336305,Orthopedic 6 North,13.0,13.0,13.0,Actual,0,13
2026-10-02 18:00:00,21336305,Orthopedic 6 North,12.0,12.0,12.0,Actual,0,13
2026-10-02 19:00:00,21336305,Orthopedic 6 North,12.0,12.0,12.0,Actual,0,13
2026-10-02 20:00:00,21336305,Orthopedic 6 North,12.0,12.0,12.0,Actual,0,13
2026-10-02 21:00:00,21336305,Orthopedic 6 North,12.0,12.0,12.0,Actual,0,13
2026-10-02 22:00:00,21336305,Orthopedic 6 North,12.0,12.0,12.0,Actual,0,13
2026-10-02 23:00:00,21336305,Orthopedic 6 North,12.0,12.0,12.0,Actual,0,13
2026-10-03 00:00:00,21336305,Orthopedic 6 North,12.0,12.0,12.0,Actual,0,13
2026-10-03 01:00:00,21336305,Orthopedic 6 North,12.0,12.0,12.0,Actual,0,13
2026-10-03 02:00:00,21336305,Orthopedic 6 North,12.0,12.0,12.0,Actual,0,13
2026-10-03 03:00:00,21336305,Orthopedic 6 North,13.0,13.0,13.0,Actual,0,13
2026-10-03 04:00:00,21336305,Orthopedic 6 North,13.0,13.0,13.0,Actual,0,13
2026-10-03 05:00:00,21336305,Orthopedic 6 North,13.0,13.0,13.0,Actual,0,13
2026-10-03 06:00:00,21336305,Orthopedic 6 North,12.0,12.0,12.0,Actual,0,13
2026-10-03 07:00:00,21336305,Orthopedic 6 North,12.0,12.0,12.0,Actual,0,13
2026-10-03 08:00:00,21336305,Orthopedic 6 North,12.0,12.0,12.0,Actual,0,13
2026-10-03 09:00:00,21336305,Orthopedic 6 North,13.0,13.0,13.0,Actual,0,13
2026-10-03 10:00:00,21336305,Orthopedic 6 North,13.0,13.0,13.0,Actual,0,13
2026-10-03 11:00:00,21336305,Orthopedic 6 North,13.0,13.0,13.0,Actual,0,13
2026-10-03 12:00:00,21336305,Orthopedic 6 North,13.0,13.0,13.0,Actual,0,13
2026-10-03 13:00:00,21336305,Orthopedic 6 North,12.0,12.0,12.0,Actual,0,13
2026-10-03 14:00:00,21336305,Orthopedic 6 North,12.0,12.0,12.0,Actual,0,13
2026-10-03 15:00:00,21336305,Orthopedic 6 North,13.0,13.0,13.0,Actual,0,13
2026-10-03 16:00:00,21336305,Orthopedic 6 North,12.0,12.0,12.0,Actual,0,13
2026-10-03 17:00:00,21336305,Orthopedic 6 North,13.0,13.0,13.0,Actual,0,13
2026-10-03 18:00:00,21336305,Orthopedic 6 North,12.0,12.0,12.0,Actual,0,13
2026-10-03 19:00:00,21336305,Orthopedic 6 North,12.0,12.0,12.0,Actual,0,13
2026-10-03 20:00:00,21336305,Orthopedic 6 North,11.0,11.0,11.0,Actual,0,13
2026-10-03 21:00:00,21336305,Orthopedic 6 North,12.0,12.0,12.0,Actual,0,13
2026-10-03 22:00:00,21336305,Orthopedic 6 North,12.0,12.0,12.0,Actual,0,13
2026-10-03 23:00:00,21336305,Orthopedic 6 North,12.0,12.0,12.0,Actual,0,13
2026-10-04 00:00:00,21336305,Orthopedic 6 North,12.0,12.0,12.0,Actual,0,13
2026-10-04 01:00:00,21336305,Orthopedic 6 North,13.0,13.0,13.0,Actual,0,13
2026-10-04 02:00:00,21336305,Orthopedic 6 North,12.0,12.0,12.0,Actual,0,13
2026-10-04 03:00:00,21336305,Orthopedic 6 North,12.0,12.0,12.0,Actual,0,13
2026-10-04 04:00:00,21336305,Orthopedic 6 North,12.0,12.0,12.0,Actual,0,13
2026-10-04 05:00:00,21336305,Orthopedic 6 North,12.0,12.0,12.0,Actual,0,13
2026-10-04 06:00:00,21336305,Orthopedic 6 North,13.0,13.0,13.0,Actual,0,13
2026-10-04 07:00:00,21336305,Orthopedic 6 North,11.0,11.0,11.0,Actual,0,13
2026-10-04 08:00:00,21336305,Orthopedic 6 North,12.0,12.0,12.0,Actual,0,13
2026-10-04 09:00:00,21336305,Orthopedic 6 North,12.0,12.0,12.0,Actual,0,13
2026-10-04 10:00:00,21336305,Orthopedic 6 North,11.0,11.0,11.0,Actual,0,13
2026-10-04 11:00:00,21336305,Orthopedic 6 North,11.0,11.0,11.0,Actual,0,13
2026-10-04 12:00:00,21336305,Orthopedic 6 North,13.0,13.0,13.0,Actual,0,13
2026-10-04 13:00:00,21336305,Orthopedic 6 North,13.0,13.0,13.0,Actual,0,13
2026-10-04 14:00:00,21336305,Orthopedic 6 North,12.0,12.0,12.0,Actual,0,13
2026-10-04 15:00:00,21336305,Orthopedic 6 North,11.0,11.0,11.0,Actual,0,13
2026-10-04 16:00:00,21336305,Orthopedic 6 North,10.0,10.0,10.0,Actual,0,13
2026-10-04 17:00:00,21336305,Orthopedic 6 North,13.0,13.0,13.0,Actual,0,13
2026-10-04 18:00:00,21336305,Orthopedic 6 North,13.0,13.0,13.0,Actual,0,13
2026-10-04 19:00:00,21336305,Orthopedic 6 North,12.0,12.0,12.0,Actual,0,13
2026-10-04 20:00:00,21336305,Orthopedic 6 North,11.0,11.0,11.0,Actual,0,13
2026-10-04 21:00:00,21336305,Orthopedic 6 North,12.0,12.0,12.0,Actual,0,13
2026-10-04 22:00:00,21336305,Orthopedic 6 North,12.0,12.0,12.0,Actual,0,13
2026-10-04 23:00:00,21336305,Orthopedic 6 North,13.0,13.0,13.0,Actual,0,13
2026-10-05 00:00:00,21336305,Orthopedic 6 North,13.0,13.0,13.0,Actual,0,13
2026-10-05 01:00:00,21336305,Orthopedic 6 North,11.0,11.0,11.0,Actual,0,13
2026-10-05 02:00:00,21336305,Orthopedic 6 North,12.0,12.0,12.0,Actual,0,13
2026-10-05 03:00:00,21336305,Orthopedic 6 North,13.0,13.0,13.0,Actual,0,13
2026-10-05 04:00:00,21336305,Orthopedic 6 North,12.0,12.0,12.0,Actual,0,13
2026-10-05 05:00:00,21336305,Orthopedic 6 North,11.0,11.0,11.0,Actual,0,13
2026-10-05 06:00:00,21336305,Orthopedic 6 North,12.0,12.0,12.0,Actual,0,13
2026-10-05 07:00:00,21336305,Orthopedic 6 North,13.0,13.0,13.0,Actual,0,13
2026-10-05 08:00:00,21336305,Orthopedic 6 North,13.0,13.0,13.0,Actual,0,13
2026-10-05 09:00:00,21336305,Orthopedic 6 North,11.0,11.0,11.0,Actual,0,13
2026-10-05 10:00:00,21336305,Orthopedic 6 North,13.0,13.0,13.0,Actual,0,13
2026-10-05 11:00:00,21336305,Orthopedic 6 North,13.0,13.0,13.0,Actual,0,13
2026-10-05 12:00:00,21336305,Orthopedic 6 North,13.0,13.0,13.0,Actual,0,13
2026-10-05 13:00:00,21336305,Orthopedic 6 North,11.0,11.0,11.0,Actual,0,13
2026-10-05 14:00:00,21336305,Orthopedic 6 North,12.0,12.0,12.0,Actual,0,13
2026-10-05 15:00:00,21336305,Orthopedic 6 North,13.0,13.0,13.0,Actual,0,13
2026-10-05 16:00:00,21336305,Orthopedic 6 North,12.0,12.0,12.0,Actual,0,13
2026-10-05 17:00:00,21336305,Orthopedic 6 North,12.0,12.0,12.0,Actual,0,13
2026-10-05 18:00:00,21336305,Orthopedic 6 North,12.0,12.0,12.0,Actual,0,13
2026-10-05 19:00:00,21336305,Orthopedic 6 North,13.0,13.0,13.0,Actual,0,13
2026-10-05 20:00:00,21336305,Orthopedic 6 North,13.0,13.0,13.0,Actual,0,13
2026-10-05 21:00:00,21336305,Orthopedic 6 North,10.0,10.0,10.0,Actual,0,13
2026-10-05 22:00:00,21336305,Orthopedic 6 North,13.0,13.0,13.0,Actual,0,13
2026-10-05 23:00:00,21336305,Orthopedic 6 North,13.0,13.0,13.0,Actual,0,13
2026-10-06 00:00:00,21336305,Orthopedic 6 North,12.0,12.0,12.0,Actual,0,13
2026-10-06 01:00:00,21336305,Orthopedic 6 North,13.0,13.0,13.0,Actual,0,13
2026-10-06 02:00:00,21336305,Orthopedic 6 North,12.0,12.0,12.0,Actual,0,13
2026-10-06 03:00:00,21336305,Orthopedic 6 North,12.0,12.0,12.0,Actual,0,13
2026-10-06 04:00:00,21336305,Orthopedic 6 North,12.0,12.0,12.0,Actual,0,13
2026-10-06 05:00:00,21336305,Orthopedic 6 North,13.0,13.0,13.0,Actual,0,13
2026-10-06 06:00:00,21336305,Orthopedic 6 North,12.0,12.0,12.0,Actual,0,13
2026-10-06 07:00:00,21336305,Orthopedic 6 North,13.0,13.0,13.0,Actual,0,13
2026-10-06 08:00:00,21336305,Orthopedic 6 North,13.0,13.0,13.0,Actual,0,13
2026-10-06 09:00:00,21336305,Orthopedic 6 North,12.0,12.0,12.0,Actual,0,13
2026-10-06 10:00:00,21336305,Orthopedic 6 North,13.0,13.0,13.0,Actual,0,13
2026-10-06 11:00:00,21336305,Orthopedic 6 North,10.0,10.0,10.0,Actual,0,13
2026-10-06 12:00:00,21336305,Orthopedic 6 North,12.0,12.0,12.0,Actual,0,13
2026-10-06 13:00:00,21336305,Orthopedic 6 North,12.0,12.0,12.0,Actual,0,13
2026-10-06 14:00:00,21336305,Orthopedic 6 North,13.0,13.0,13.0,Actual,0,13
2026-10-06 15:00:00,21336305,Orthopedic 6 North,13.0,13.0,13.0,Actual,0,13
2026-10-06 16:00:00,21336305,Orthopedic 6 North,13.0,13.0,13.0,Actual,0,13
2026-10-06 17:00:00,21336305,Orthopedic 6 North,12.0,12.0,12.0,Actual,0,13
2026-10-06 18:00:00,21336305,Orthopedic 6 North,13.0,13.0,13.0,Actual,0,13
2026-09-29 18:00:00,97635816,Progressive Care,10.0,10.0,10.0,Actual,0,11
2026-09-29 19:00:00,97635816,Progressive Care,10.0,10.0,10.0,Actual,0,11
2026-09-29 20:00:00,97635816,Progressive Care,11.0,11.0,11.0,Actual,0,11
2026-09-29 21:00:00,97635816,Progressive Care,11.0,11.0,11.0,Actual,0,11
2026-09-29 22:00:00,97635816,Progressive Care,10.0,10.0,10.0,Actual,0,11
2026-09-29 23:00:00,97635816,Progressive Care,11.0,11.0,11.0,Actual,0,11
2026-09-30 00:00:00,97635816,Progressive Care,10.0,10.0,10.0,Actual,0,11
2026-09-30 01:00:00,97635816,Progressive Care,9.0,9.0,9.0,Actual,0,11
2026-09-30 02:00:00,97635816,Progressive Care,10.0,10.0,10.0,Actual,0,11
2026-09-30 03:00:00,97635816,Progressive Care,11.0,11.0,11.0,Actual,0,11
2026-09-30 04:00:00,97635816,Progressive Care,10.0,10.0,10.0,Actual,0,11
2026-09-30 05:00:00,97635816,Progressive Care,10.0,10.0,10.0,Actual,0,11
2026-09-30 06:00:00,97635816,Progressive Care,11.0,11.0,11.0,Actual,0,11
2026-09-30 07:00:00,97635816,Progressive Care,11.0,11.0,11.0,Actual,0,11
2026-09-30 08:00:00,97635816,Progressive Care,10.0,10.0,10.0,Actual,0,11
2026-09-30 09:00:00,97635816,Progressive Care,11.0,11.0,11.0,Actual,0,11
2026-09-30 10:00:00,97635816,Progressive Care,10.0,10.0,10.0,Actual,0,11
2026-09-30 11:00:00,97635816,Progressive Care,11.0,11.0,11.0,Actual,0,11
2026-09-30 12:00:00,97635816,Progressive Care,10.0,10.0,10.0,Actual,0,11
2026-09-30 13:00:00,97635816,Progressive Care,10.0,10.0,10.0,Actual,0,11
2026-09-30 14:00:00,97635816,Progressive Care,10.0,10.0,10.0,Actual,0,11
2026-09-30 15:00:00,97635816,Progressive Care,10.0,10.0,10.0,Actual,0,11
2026-09-30 16:00:00,97635816,Progressive Care,11.0,11.0,11.0,Actual,0,11
2026-09-30 17:00:00,97635816,Progressive Care,9.0,9.0,9.0,Actual,0,11
2026-09-30 18:00:00,97635816,Progressive Care,10.0,10.0,10.0,Actual,0,11
2026-09-30 19:00:00,97635816,Progressive Care,8.0,8.0,8.0,Actual,0,11
2026-09-30 20:00:00,97635816,Progressive Care,10.0,10.0,10.0,Actual,0,11
2026-09-30 21:00:00,97635816,Progressive Care,10.0,10.0,10.0,Actual,0,11
2026-09-30 22:00:00,97635816,Progressive Care,11.0,11.0,11.0,Actual,0,11
2026-09-30 23:00:00,97635816,Progressive Care,11.0,11.0,11.0,Actual,0,11
2026-10-01 00:00:00,97635816,Progressive Care,10.0,10.0,10.0,Actual,0,11
2026-10-01 01:00:00,97635816,Progressive Care,10.0,10.0,10.0,Actual,0,11
2026-10-01 02:00:00,97635816,Progressive Care,10.0,10.0,10.0,Actual,0,11
2026-10-01 03:00:00,97635816,Progressive Care,10.0,10.0,10.0,Actual,0,11
2026-10-01 04:00:00,97635816,Progressive Care,10.0,10.0,10.0,Actual,0,11
2026-10-01 05:00:00,97635816,Progressive Care,11.0,11.0,11.0,Actual,0,11
2026-10-01 06:00:00,97635816,Progressive Care,11.0,11.0,11.0,Actual,0,11
2026-10-01 07:00:00,97635816,Progressive Care,11.0,11.0,11.0,Actual,0,11
2026-10-01 08:00:00,97635816,Progressive Care,11.0,11.0,11.0,Actual,0,11
2026-10-01 09:00:00,97635816,Progressive Care,10.0,10.0,10.0,Actual,0,11
2026-10-01 10:00:00,97635816,Progressive Care,11.0,11.0,11.0,Actual,0,11
2026-10-01 11:00:00,97635816,Progressive Care,11.0,11.0,11.0,Actual,0,11
2026-10-01 12:00:00,97635816,Progressive Care,10.0,10.0,10.0,Actual,0,11
2026-10-01 13:00:00,97635816,Progressive Care,8.0,8.0,8.0,Actual,0,11
2026-10-01 14:00:00,97635816,Progressive Care,9.0,9.0,9.0,Actual,0,11
2026-10-01 15:00:00,97635816,Progressive Care,10.0,10.0,10.0,Actual,0,11
2026-10-01 16:00:00,97635816,Progressive Care,10.0,10.0,10.0,Actual,0,11
2026-10-01 17:00:00,97635816,Progressive Care,11.0,11.0,11.0,Actual,0,11
2026-10-01 18:00:00,97635816,Progressive Care,10.0,10.0,10.0,Actual,0,11
2026-10-01 19:00:00,97635816,Progressive Care,10.0,10.0,10.0,Actual,0,11
2026-10-01 20:00:00,97635816,Progressive Care,11.0,11.0,11.0,Actual,0,11
2026-10-01 21:00:00,97635816,Progressive Care,11.0,11.0,11.0,Actual,0,11
2026-10-01 22:00:00,97635816,Progressive Care,10.0,10.0,10.0,Actual,0,11
2026-10-01 23:00:00,97635816,Progressive Care,10.0,10.0,10.0,Actual,0,11
2026-10-02 00:00:00,97635816,Progressive Care,11.0,11.0,11.0,Actual,0,11
2026-10-02 01:00:00,97635816,Progressive Care,10.0,10.0,10.0,Actual,0,11
2026-10-02 02:00:00,97635816,Progressive Care,10.0,10.0,10.0,Actual,0,11
2026-10-02 03:00:00,97635816,Progressive Care,10.0,10.0,10.0,Actual,0,11
2026-10-02 04:00:00,97635816,Progressive Care,10.0,10.0,10.0,Actual,0,11
2026-10-02 05:00:00,97635816,Progressive Care,10.0,10.0,10.0,Actual,0,11
2026-10-02 06:00:00,97635816,Progressive Care,11.0,11.0,11.0,Actual,0,11
2026-10-02 07:00:00,97635816,Progressive Care,10.0,10.0,10.0,Actual,0,11
2026-10-02 08:00:00,97635816,Progressive Care,10.0,10.0,10.0,Actual,0,11
2026-10-02 09:00:00,97635816,Progressive Care,11.0,11.0,11.0,Actual,0,11
2026-10-02 10:00:00,97635816,Progressive Care,11.0,11.0,11.0,Actual,0,11
2026-10-02 11:00:00,97635816,Progressive Care,10.0,10.0,10.0,Actual,0,11
2026-10-02 12:00:00,97635816,Progressive Care,11.0,11.0,11.0,Actual,0,11
2026-10-02 13:00:00,97635816,Progressive Care,10.0,10.0,10.0,Actual,0,11
2026-10-02 14:00:00,97635816,Progressive Care,11.0,11.0,11.0,Actual,0,11
2026-10-02 15:00:00,97635816,Progressive Care,10.0,10.0,10.0,Actual,0,11
2026-10-02 16:00:00,97635816,Progressive Care,10.0,10.0,10.0,Actual,0,11
2026-10-02 17:00:00,97635816,Progressive Care,10.0,10.0,10.0,Actual,0,11
2026-10-02 18:00:00,97635816,Progressive Care,10.0,10.0,10.0,Actual,0,11
2026-10-02 19:00:00,97635816,Progressive Care,10.0,10.0,10.0,Actual,0,11
2026-10-02 20:00:00,97635816,Progressive Care,10.0,10.0,10.0,Actual,0,11
2026-10-02 21:00:00,97635816,Progressive Care,8.0,8.0,8.0,Actual,0,11
2026-10-02 22:00:00,97635816,Progressive Care,8.0,8.0,8.0,Actual,0,11
2026-10-02 23:00:00,97635816,Progressive Care,11.0,11.0,11.0,Actual,0,11
2026-10-03 00:00:00,97635816,Progressive Care,10.0,10.0,10.0,Actual,0,11
2026-10-03 01:00:00,97635816,Progressive Care,10.0,10.0,10.0,Actual,0,11
2026-10-03 02:00:00,97635816,Progressive Care,10.0,10.0,10.0,Actual,0,11
2026-10-03 03:00:00,97635816,Progressive Care,10.0,10.0,10.0,Actual,0,11
2026-10-03 04:00:00,97635816,Progressive Care,11.0,11.0,11.0,Actual,0,11
2026-10-03 05:00:00,97635816,Progressive Care,11.0,11.0,11.0,Actual,0,11
2026-10-03 06:00:00,97635816,Progressive Care,10.0,10.0,10.0,Actual,0,11
2026-10-03 07:00:00,97635816,Progressive Care,10.0,10.0,10.0,Actual,0,11
2026-10-03 08:00:00,97635816,Progressive Care,8.0,8.0,8.0,Actual,0,11
2026-10-03 09:00:00,97635816,Progressive Care,11.0,11.0,11.0,Actual,0,11
2026-10-03 10:00:00,97635816,Progressive Care,10.0,10.0,10.0,Actual,0,11
2026-10-03 11:00:00,97635816,Progressive Care,11.0,11.0,11.0,Actual,0,11
2026-10-03 12:00:00,97635816,Progressive Care,11.0,11.0,11.0,Actual,0,11
2026-10-03 13:00:00,97635816,Progressive Care,10.0,10.0,10.0,Actual,0,11
2026-10-03 14:00:00,97635816,Progressive Care,10.0,10.0,10.0,Actual,0,11
2026-10-03 15:00:00,97635816,Progressive Care,10.0,10.0,10.0,Actual,0,11
2026-10-03 16:00:00,97635816,Progressive Care,10.0,10.0,10.0,Actual,0,11
2026-10-03 17:00:00,97635816,Progressive Care,10.0,10.0,10.0,Actual,0,11
2026-10-03 18:00:00,97635816,Progressive Care,10.0,10.0,10.0,Actual,0,11
2026-10-03 19:00:00,97635816,Progressive Care,9.0,9.0,9.0,Actual,0,11
2026-10-03 20:00:00,97635816,Progressive Care,11.0,11.0,11.0,Actual,0,11
2026-10-03 21:00:00,97635816,Progressive Care,10.0,10.0,10.0,Actual,0,11
2026-10-03 22:00:00,97635816,Progressive Care,11.0,11.0,11.0,Actual,0,11
2026-10-03 23:00:00,97635816,Progressive Care,10.0,10.0,10.0,Actual,0,11
2026-10-04 00:00:00,97635816,Progressive Care,11.0,11.0,11.0,Actual,0,11
2026-10-04 01:00:00,97635816,Progressive Care,10.0,10.0,10.0,Actual,0,11
2026-10-04 02:00:00,97635816,Progressive Care,9.0,9.0,9.0,Actual,0,11
2026-10-04 03:00:00,97635816,Progressive Care,10.0,10.0,10.0,Actual,0,11
2026-10-04 04:00:00,97635816,Progressive Care,11.0,11.0,11.0,Actual,0,11
2026-10-04 05:00:00,97635816,Progressive Care,10.0,10.0,10.0,Actual,0,11
2026-10-04 06:00:00,97635816,Progressive Care,10.0,10.0,10.0,Actual,0,11
2026-10-04 07:00:00,97635816,Progressive Care,8.0,8.0,8.0,Actual,0,11
2026-10-04 08:00:00,97635816,Progressive Care,10.0,10.0,10.0,Actual,0,11
2026-10-04 09:00:00,97635816,Progressive Care,9.0,9.0,9.0,Actual,0,11
2026-10-04 10:00:00,97635816,Progressive Care,10.0,10.0,10.0,Actual,0,11
2026-10-04 11:00:00,97635816,Progressive Care,11.0,11.0,11.0,Actual,0,11
2026-10-04 12:00:00,97635816,Progressive Care,11.0,11.0,11.0,Actual,0,11
2026-10-04 13:00:00,97635816,Progressive Care,9.0,9.0,9.0,Actual,0,11
2026-10-04 14:00:00,97635816,Progressive Care,11.0,11.0,11.0,Actual,0,11
2026-10-04 15:00:00,97635816,Progressive Care,11.0,11.0,11.0,Actual,0,11
2026-10-04 16:00:00,97635816,Progressive Care,9.0,9.0,9.0,Actual,0,11
2026-10-04 17:00:00,97635816,Progressive Care,10.0,10.0,10.0,Actual,0,11
2026-10-04 18:00:00,97635816,Progressive Care,9.0,9.0,9.0,Actual,0,11
2026-10-04 19:00:00,97635816,Progressive Care,9.0,9.0,9.0,Actual,0,11
2026-10-04 20:00:00,97635816,Progressive Care,9.0,9.0,9.0,Actual,0,11
2026-10-04 21:00:00,97635816,Progressive Care,10.0,10.0,10.0,Actual,0,11
2026-10-04 22:00:00,97635816,Progressive Care,11.0,11.0,11.0,Actual,0,11
2026-10-04 23:00:00,97635816,Progressive Care,10.0,10.0,10.0,Actual,0,11
2026-10-05 00:00:00,97635816,Progressive Care,10.0,10.0,10.0,Actual,0,11
2026-10-05 01:00:00,97635816,Progressive Care,10.0,10.0,10.0,Actual,0,11
2026-10-05 02:00:00,97635816,Progressive Care,10.0,10.0,10.0,Actual,0,11
2026-10-05 03:00:00,97635816,Progressive Care,11.0,11.0,11.0,Actual,0,11
2026-10-05 04:00:00,97635816,Progressive Care,10.0,10.0,10.0,Actual,0,11
2026-10-05 05:00:00,97635816,Progressive Care,10.0,10.0,10.0,Actual,0,11
2026-10-05 06:00:00,97635816,Progressive Care,9.0,9.0,9.0,Actual,0,11
2026-10-05 07:00:00,97635816,Progressive Care,11.0,11.0,11.0,Actual,0,11
2026-10-05 08:00:00,97635816,Progressive Care,10.0,10.0,10.0,Actual,0,11
2026-10-05 09:00:00,97635816,Progressive Care,11.0,11.0,11.0,Actual,0,11
2026-10-05 10:00:00,97635816,Progressive Care,11.0,11.0,11.0,Actual,0,11
2026-10-05 11:00:00,97635816,Progressive Care,10.0,10.0,10.0,Actual,0,11
2026-10-05 12:00:00,97635816,Progressive Care,11.0,11.0,11.0,Actual,0,11
2026-10-05 13:00:00,97635816,Progressive Care,10.0,10.0,10.0,Actual,0,11
2026-10-05 14:00:00,97635816,Progressive Care,11.0,11.0,11.0,Actual,0,11
2026-10-05 15:00:00,97635816,Progressive Care,10.0,10.0,10.0,Actual,0,11
2026-10-05 16:00:00,97635816,Progressive Care,10.0,10.0,10.0,Actual,0,11
2026-10-05 17:00:00,97635816,Progressive Care,10.0,10.0,10.0,Actual,0,11
2026-10-05 18:00:00,97635816,Progressive Care,10.0,10.0,10.0,Actual,0,11
2026-10-05 19:00:00,97635816,Progressive Care,9.0,9.0,9.0,Actual,0,11
2026-10-05 20:00:00,97635816,Progressive Care,10.0,10.0,10.0,Actual,0,11
2026-10-05 21:00:00,97635816,Progressive Care,11.0,11.0,11.0,Actual,0,11
2026-10-05 22:00:00,97635816,Progressive Care,9.0,9.0,9.0,Actual,0,11
2026-10-05 23:00:00,97635816,Progressive Care,10.0,10.0,10.0,Actual,0,11
2026-10-06 00:00:00,97635816,Progressive Care,10.0,10.0,10.0,Actual,0,11
2026-10-06 01:00:00,97635816,Progressive Care,10.0,10.0,10.0,Actual,0,11
2026-10-06 02:00:00,97635816,Progressive Care,11.0,11.0,11.0,Actual,0,11
2026-10-06 03:00:00,97635816,Progressive Care,10.0,10.0,10.0,Actual,0,11
2026-10-06 04:00:00,97635816,Progressive Care,10.0,10.0,10.0,Actual,0,11
2026-10-06 05:00:00,97635816,Progressive Care,11.0,11.0,11.0,Actual,0,11
2026-10-06 06:00:00,97635816,Progressive Care,11.0,11.0,11.0,Actual,0,11
2026-10-06 07:00:00,97635816,Progressive Care,10.0,10.0,10.0,Actual,0,11
2026-10-06 08:00:00,97635816,Progressive Care,11.0,11.0,11.0,Actual,0,11
2026-10-06 09:00:00,97635816,Progressive Care,11.0,11.0,11.0,Actual,0,11
2026-10-06 10:00:00,97635816,Progressive Care,10.0,10.0,10.0,Actual,0,11
2026-10-06 11:00:00,97635816,Progressive Care,10.0,10.0,10.0,Actual,0,11
2026-10-06 12:00:00,97635816,Progressive Care,10.0,10.0,10.0,Actual,0,11
2026-10-06 13:00:00,97635816,Progressive Care,10.0,10.0,10.0,Actual,0,11
2026-10-06 14:00:00,97635816,Progressive Care,10.0,10.0,10.0,Actual,0,11
2026-10-06 15:00:00,97635816,Progressive Care,9.0,9.0,9.0,Actual,0,11
2026-10-06 16:00:00,97635816,Progressive Care,9.0,9.0,9.0,Actual,0,11
2026-10-06 17:00:00,97635816,Progressive Care,11.0,11.0,11.0,Actual,0,11
2026-10-06 18:00:00,97635816,Progressive Care,10.0,10.0,10.0,Actual,0,11
2026-09-29 18:00:00,1775257343,Neuro Stepdown,17.0,17.0,17.0,Actual,0,20
2026-09-29 19:00:00,1775257343,Neuro Stepdown,17.0,17.0,17.0,Actual,0,20
2026-09-29 20:00:00,1775257343,Neuro Stepdown,19.0,19.0,19.0,Actual,0,20
2026-09-29 21:00:00,1775257343,Neuro Stepdown,19.0,19.0,19.0,Actual,0,20
2026-09-29 22:00:00,1775257343,Neuro Stepdown,18.0,18.0,18.0,Actual,0,20
2026-09-29 23:00:00,1775257343,Neuro Stepdown,19.0,19.0,19.0,Actual,0,20
2026-09-30 00:00:00,1775257343,Neuro Stepdown,19.0,19.0,19.0,Actual,0,20
2026-09-30 01:00:00,1775257343,Neuro Stepdown,18.0,18.0,18.0,Actual,0,20
2026-09-30 02:00:00,1775257343,Neuro Stepdown,19.0,19.0,19.0,Actual,0,20
2026-09-30 03:00:00,1775257343,Neuro Stepdown,16.0,16.0,16.0,Actual,0,20
2026-09-30 04:00:00,1775257343,Neuro Stepdown,17.0,17.0,17.0,Actual,0,20
2026-09-30 05:00:00,1775257343,Neuro Stepdown,19.0,19.0,19.0,Actual,0,20
2026-09-30 06:00:00,1775257343,Neuro Stepdown,19.0,19.0,19.0,Actual,0,20
2026-09-30 07:00:00,1775257343,Neuro Stepdown,17.0,17.0,17.0,Actual,0,20
2026-09-30 08:00:00,1775257343,Neuro Stepdown,19.0,19.0,19.0,Actual,0,20
2026-09-30 09:00:00,1775257343,Neuro Stepdown,17.0,17.0,17.0,Actual,0,20
2026-09-30 10:00:00,1775257343,Neuro Stepdown,19.0,19.0,19.0,Actual,0,20
2026-09-30 11:00:00,1775257343,Neuro Stepdown,19.0,19.0,19.0,Actual,0,20
2026-09-30 12:00:00,1775257343,Neuro Stepdown,19.0,19.0,19.0,Actual,0,20
2026-09-30 13:00:00,1775257343,Neuro Stepdown,17.0,17.0,17.0,Actual,0,20
2026-09-30 14:00:00,1775257343,Neuro Stepdown,19.0,19.0,19.0,Actual,0,20
2026-09-30 15:00:00,1775257343,Neuro Stepdown,18.0,18.0,18.0,Actual,0,20
2026-09-30 16:00:00,1775257343,Neuro Stepdown,17.0,17.0,17.0,Actual,0,20
2026-09-30 17:00:00,1775257343,Neuro Stepdown,19.0,19.0,19.0,Actual,0,20
2026-09-30 18:00:00,1775257343,Neuro Stepdown,19.0,19.0,19.0,Actual,0,20
2026-09-30 19:00:00,1775257343,Neuro Stepdown,17.0,17.0,17.0,Actual,0,20
2026-09-30 20:00:00,1775257343,Neuro Stepdown,17.0,17.0,17.0,Actual,0,20
2026-09-30 21:00:00,1775257343,Neuro Stepdown,17.0,17.0,17.0,Actual,0,20
2026-09-30 22:00:00,1775257343,Neuro Stepdown,19.0,19.0,19.0,Actual,0,20
2026-09-30 23:00:00,1775257343,Neuro Stepdown,19.0,19.0,19.0,Actual,0,20
2026-10-01 00:00:00,1775257343,Neuro Stepdown,19.0,19.0,19.0,Actual,0,20
2026-10-01 01:00:00,1775257343,Neuro Stepdown,19.0,19.0,19.0,Actual,0,20
2026-10-01 02:00:00,1775257343,Neuro Stepdown,19.0,19.0,19.0,Actual,0,20
2026-10-01 03:00:00,1775257343,Neuro Stepdown,20.0,20.0,20.0,Actual,0,20
2026-10-01 04:00:00,1775257343,Neuro Stepdown,14.0,14.0,14.0,Actual,0,20
2026-10-01 05:00:00,1775257343,Neuro Stepdown,16.0,16.0,16.0,Actual,0,20
2026-10-01 06:00:00,1775257343,Neuro Stepdown,19.0,19.0,19.0,Actual,0,20
2026-10-01 07:00:00,1775257343,Neuro Stepdown,19.0,19.0,19.0,Actual,0,20
2026-10-01 08:00:00,1775257343,Neuro Stepdown,19.0,19.0,19.0,Actual,0,20
2026-10-01 09:00:00,1775257343,Neuro Stepdown,20.0,20.0,20.0,Actual,0,20
2026-10-01 10:00:00,1775257343,Neuro Stepdown,20.0,20.0,20.0,Actual,0,20
2026-10-01 11:00:00,1775257343,Neuro Stepdown,18.0,18.0,18.0,Actual,0,20
2026-10-01 12:00:00,1775257343,Neuro Stepdown,19.0,19.0,19.0,Actual,0,20
2026-10-01 13:00:00,1775257343,Neuro Stepdown,19.0,19.0,19.0,Actual,0,20
2026-10-01 14:00:00,1775257343,Neuro Stepdown,20.0,20.0,20.0,Actual,0,20
2026-10-01 15:00:00,1775257343,Neuro Stepdown,20.0,20.0,20.0,Actual,0,20
2026-10-01 16:00:00,1775257343,Neuro Stepdown,19.0,19.0,19.0,Actual,0,20
2026-10-01 17:00:00,1775257343,Neuro Stepdown,20.0,20.0,20.0,Actual,0,20
2026-10-01 18:00:00,1775257343,Neuro Stepdown,19.0,19.0,19.0,Actual,0,20
2026-10-01 19:00:00,1775257343,Neuro Stepdown,18.0,18.0,18.0,Actual,0,20
2026-10-01 20:00:00,1775257343,Neuro Stepdown,19.0,19.0,19.0,Actual,0,20
2026-10-01 21:00:00,1775257343,Neuro Stepdown,19.0,19.0,19.0,Actual,0,20
2026-10-01 22:00:00,1775257343,Neuro Stepdown,18.0,18.0,18.0,Actual,0,20
2026-10-01 23:00:00,1775257343,Neuro Stepdown,17.0,17.0,17.0,Actual,0,20
2026-10-02 00:00:00,1775257343,Neuro Stepdown,19.0,19.0,19.0,Actual,0,20
2026-10-02 01:00:00,1775257343,Neuro Stepdown,19.0,19.0,19.0,Actual,0,20
2026-10-02 02:00:00,1775257343,Neuro Stepdown,15.0,15.0,15.0,Actual,0,20
2026-10-02 03:00:00,1775257343,Neuro Stepdown,19.0,19.0,19.0,Actual,0,20
2026-10-02 04:00:00,1775257343,Neuro Stepdown,20.0,20.0,20.0,Actual,0,20
2026-10-02 05:00:00,1775257343,Neuro Stepdown,14.0,14.0,14.0,Actual,0,20
2026-10-02 06:00:00,1775257343,Neuro Stepdown,20.0,20.0,20.0,Actual,0,20
2026-10-02 07:00:00,1775257343,Neuro Stepdown,17.0,17.0,17.0,Actual,0,20
2026-10-02 08:00:00,1775257343,Neuro Stepdown,19.0,19.0,19.0,Actual,0,20
2026-10-02 09:00:00,1775257343,Neuro Stepdown,20.0,20.0,20.0,Actual,0,20
2026-10-02 10:00:00,1775257343,Neuro Stepdown,17.0,17.0,17.0,Actual,0,20
2026-10-02 11:00:00,1775257343,Neuro Stepdown,18.0,18.0,18.0,Actual,0,20
2026-10-02 12:00:00,1775257343,Neuro Stepdown,19.0,19.0,19.0,Actual,0,20
2026-10-02 13:00:00,1775257343,Neuro Stepdown,15.0,15.0,15.0,Actual,0,20
2026-10-02 14:00:00,1775257343,Neuro Stepdown,20.0,20.0,20.0,Actual,0,20
2026-10-02 15:00:00,1775257343,Neuro Stepdown,18.0,18.0,18.0,Actual,0,20
2026-10-02 16:00:00,1775257343,Neuro Stepdown,19.0,19.0,19.0,Actual,0,20
2026-10-02 17:00:00,1775257343,Neuro Stepdown,19.0,19.0,19.0,Actual,0,20
2026-10-02 18:00:00,1775257343,Neuro Stepdown,15.0,15.0,15.0,Actual,0,20
2026-10-02 19:00:00,1775257343,Neuro Stepdown,16.0,16.0,16.0,Actual,0,20
2026-10-02 20:00:00,1775257343,Neuro Stepdown,19.0,19.0,19.0,Actual,0,20
2026-10-02 21:00:00,1775257343,Neuro Stepdown,19.0,19.0,19.0,Actual,0,20
2026-10-02 22:00:00,1775257343,Neuro Stepdown,19.0,19.0,19.0,Actual,0,20
2026-10-02 23:00:00,1775257343,Neuro Stepdown,19.0,19.0,19.0,Actual,0,20
2026-10-03 00:00:00,1775257343,Neuro Stepdown,17.0,17.0,17.0,Actual,0,20
2026-10-03 01:00:00,1775257343,Neuro Stepdown,19.0,19.0,19.0,Actual,0,20
2026-10-03 02:00:00,1775257343,Neuro Stepdown,20.0,20.0,20.0,Actual,0,20
2026-10-03 03:00:00,1775257343,Neuro Stepdown,19.0,19.0,19.0,Actual,0,20
2026-10-03 04:00:00,1775257343,Neuro Stepdown,14.0,14.0,14.0,Actual,0,20
2026-10-03 05:00:00,1775257343,Neuro Stepdown,15.0,15.0,15.0,Actual,0,20
2026-10-03 06:00:00,1775257343,Neuro Stepdown,19.0,19.0,19.0,Actual,0,20
2026-10-03 07:00:00,1775257343,Neuro Stepdown,15.0,15.0,15.0,Actual,0,20
2026-10-03 08:00:00,1775257343,Neuro Stepdown,19.0,19.0,19.0,Actual,0,20
2026-10-03 09:00:00,1775257343,Neuro Stepdown,20.0,20.0,20.0,Actual,0,20
2026-10-03 10:00:00,1775257343,Neuro Stepdown,19.0,19.0,19.0,Actual,0,20
2026-10-03 11:00:00,1775257343,Neuro Stepdown,18.0,18.0,18.0,Actual,0,20
2026-10-03 12:00:00,1775257343,Neuro Stepdown,18.0,18.0,18.0,Actual,0,20
2026-10-03 13:00:00,1775257343,Neuro Stepdown,14.0,14.0,14.0,Actual,0,20
2026-10-03 14:00:00,1775257343,Neuro Stepdown,19.0,19.0,19.0,Actual,0,20
2026-10-03 15:00:00,1775257343,Neuro Stepdown,19.0,19.0,19.0,Actual,0,20
2026-10-03 16:00:00,1775257343,Neuro Stepdown,18.0,18.0,18.0,Actual,0,20
2026-10-03 17:00:00,1775257343,Neuro Stepdown,19.0,19.0,19.0,Actual,0,20
2026-10-03 18:00:00,1775257343,Neuro Stepdown,19.0,19.0,19.0,Actual,0,20
2026-10-03 19:00:00,1775257343,Neuro Stepdown,17.0,17.0,17.0,Actual,0,20
2026-10-03 20:00:00,1775257343,Neuro Stepdown,19.0,19.0,19.0,Actual,0,20
2026-10-03 21:00:00,1775257343,Neuro Stepdown,18.0,18.0,18.0,Actual,0,20
2026-10-03 22:00:00,1775257343,Neuro Stepdown,19.0,19.0,19.0,Actual,0,20
2026-10-03 23:00:00,1775257343,Neuro Stepdown,18.0,18.0,18.0,Actual,0,20
2026-10-04 00:00:00,1775257343,Neuro Stepdown,17.0,17.0,17.0,Actual,0,20
2026-10-04 01:00:00,1775257343,Neuro Stepdown,20.0,20.0,20.0,Actual,0,20
2026-10-04 02:00:00,1775257343,Neuro Stepdown,18.0,18.0,18.0,Actual,0,20
2026-10-04 03:00:00,1775257343,Neuro Stepdown,20.0,20.0,20.0,Actual,0,20
2026-10-04 04:00:00,1775257343,Neuro Stepdown,16.0,16.0,16.0,Actual,0,20
2026-10-04 05:00:00,1775257343,Neuro Stepdown,19.0,19.0,19.0,Actual,0,20
2026-10-04 06:00:00,1775257343,Neuro Stepdown,20.0,20.0,20.0,Actual,0,20
2026-10-04 07:00:00,1775257343,Neuro Stepdown,19.0,19.0,19.0,Actual,0,20
2026-10-04 08:00:00,1775257343,Neuro Stepdown,19.0,19.0,19.0,Actual,0,20
2026-10-04 09:00:00,1775257343,Neuro Stepdown,19.0,19.0,19.0,Actual,0,20
2026-10-04 10:00:00,1775257343,Neuro Stepdown,18.0,18.0,18.0,Actual,0,20
2026-10-04 11:00:00,1775257343,Neuro Stepdown,19.0,19.0,19.0,Actual,0,20
2026-10-04 12:00:00,1775257343,Neuro Stepdown,19.0,19.0,19.0,Actual,0,20
2026-10-04 13:00:00,1775257343,Neuro Stepdown,19.0,19.0,19.0,Actual,0,20
2026-10-04 14:00:00,1775257343,Neuro Stepdown,20.0,20.0,20.0,Actual,0,20
2026-10-04 15:00:00,1775257343,Neuro Stepdown,15.0,15.0,15.0,Actual,0,20
2026-10-04 16:00:00,1775257343,Neuro Stepdown,15.0,15.0,15.0,Actual,0,20
2026-10-04 17:00:00,1775257343,Neuro Stepdown,19.0,19.0,19.0,Actual,0,20
2026-10-04 18:00:00,1775257343,Neuro Stepdown,15.0,15.0,15.0,Actual,0,20
2026-10-04 19:00:00,1775257343,Neuro Stepdown,15.0,15.0,15.0,Actual,0,20
2026-10-04 20:00:00,1775257343,Neuro Stepdown,17.0,17.0,17.0,Actual,0,20
2026-10-04 21:00:00,1775257343,Neuro Stepdown,19.0,19.0,19.0,Actual,0,20
2026-10-04 22:00:00,1775257343,Neuro Stepdown,18.0,18.0,18.0,Actual,0,20
2026-10-04 23:00:00,1775257343,Neuro Stepdown,18.0,18.0,18.0,Actual,0,20
2026-10-05 00:00:00,1775257343,Neuro Stepdown,20.0,20.0,20.0,Actual,0,20
2026-10-05 01:00:00,1775257343,Neuro Stepdown,16.0,16.0,16.0,Actual,0,20
2026-10-05 02:00:00,1775257343,Neuro Stepdown,14.0,14.0,14.0,Actual,0,20
2026-10-05 03:00:00,1775257343,Neuro Stepdown,14.0,14.0,14.0,Actual,0,20
2026-10-05 04:00:00,1775257343,Neuro Stepdown,20.0,20.0,20.0,Actual,0,20
2026-10-05 05:00:00,1775257343,Neuro Stepdown,20.0,20.0,20.0,Actual,0,20
2026-10-05 06:00:00,1775257343,Neuro Stepdown,16.0,16.0,16.0,Actual,0,20
2026-10-05 07:00:00,1775257343,Neuro Stepdown,20.0,20.0,20.0,Actual,0,20
2026-10-05 08:00:00,1775257343,Neuro Stepdown,19.0,19.0,19.0,Actual,0,20
2026-10-05 09:00:00,1775257343,Neuro Stepdown,19.0,19.0,19.0,Actual,0,20
2026-10-05 10:00:00,1775257343,Neuro Stepdown,19.0,19.0,19.0,Actual,0,20
2026-10-05 11:00:00,1775257343,Neuro Stepdown,16.0,16.0,16.0,Actual,0,20
2026-10-05 12:00:00,1775257343,Neuro Stepdown,19.0,19.0,19.0,Actual,0,20
2026-10-05 13:00:00,1775257343,Neuro Stepdown,19.0,19.0,19.0,Actual,0,20
2026-10-05 14:00:00,1775257343,Neuro Stepdown,19.0,19.0,19.0,Actual,0,20
2026-10-05 15:00:00,1775257343,Neuro Stepdown,18.0,18.0,18.0,Actual,0,20
2026-10-05 16:00:00,1775257343,Neuro Stepdown,20.0,20.0,20.0,Actual,0,20
2026-10-05 17:00:00,1775257343,Neuro Stepdown,19.0,19.0,19.0,Actual,0,20
2026-10-05 18:00:00,1775257343,Neuro Stepdown,19.0,19.0,19.0,Actual,0,20
2026-10-05 19:00:00,1775257343,Neuro Stepdown,20.0,20.0,20.0,Actual,0,20
2026-10-05 20:00:00,1775257343,Neuro Stepdown,16.0,16.0,16.0,Actual,0,20
2026-10-05 21:00:00,1775257343,Neuro Stepdown,16.0,16.0,16.0,Actual,0,20
2026-10-05 22:00:00,1775257343,Neuro Stepdown,17.0,17.0,17.0,Actual,0,20
2026-10-05 23:00:00,1775257343,Neuro Stepdown,19.0,19.0,19.0,Actual,0,20
2026-10-06 00:00:00,1775257343,Neuro Stepdown,19.0,19.0,19.0,Actual,0,20
2026-10-06 01:00:00,1775257343,Neuro Stepdown,20.0,20.0,20.0,Actual,0,20
2026-10-06 02:00:00,1775257343,Neuro Stepdown,14.0,14.0,14.0,Actual,0,20
2026-10-06 03:00:00,1775257343,Neuro Stepdown,20.0,20.0,20.0,Actual,0,20
2026-10-06 04:00:00,1775257343,Neuro Stepdown,19.0,19.0,19.0,Actual,0,20
2026-10-06 05:00:00,1775257343,Neuro Stepdown,16.0,16.0,16.0,Actual,0,20
2026-10-06 06:00:00,1775257343,Neuro Stepdown,18.0,18.0,18.0,Actual,0,20
2026-10-06 07:00:00,1775257343,Neuro Stepdown,18.0,18.0,18.0,Actual,0,20
2026-10-06 08:00:00,1775257343,Neuro Stepdown,15.0,15.0,15.0,Actual,0,20
2026-10-06 09:00:00,1775257343,Neuro Stepdown,18.0,18.0,18.0,Actual,0,20
2026-10-06 10:00:00,1775257343,Neuro Stepdown,20.0,20.0,20.0,Actual,0,20
2026-10-06 11:00:00,1775257343,Neuro Stepdown,20.0,20.0,20.0,Actual,0,20
2026-10-06 12:00:00,1775257343,Neuro Stepdown,19.0,19.0,19.0,Actual,0,20
2026-10-06 13:00:00,1775257343,Neuro Stepdown,20.0,20.0,20.0,Actual,0,20
2026-10-06 14:00:00,1775257343,Neuro Stepdown,19.0,19.0,19.0,Actual,0,20
2026-10-06 15:00:00,1775257343,Neuro Stepdown,19.0,19.0,19.0,Actual,0,20
2026-10-06 16:00:00,1775257343,Neuro Stepdown,16.0,16.0,16.0,Actual,0,20
2026-10-06 17:00:00,1775257343,Neuro Stepdown,20.0,20.0,20.0,Actual,0,20
2026-10-06 18:00:00,1775257343,Neuro Stepdown,20.0,20.0,20.0,Actual,0,20
2026-09-29 18:00:00,4452986337,Medical-Surgical 4 South,14.0,14.0,14.0,Actual,0,14
2026-09-29 19:00:00,4452986337,Medical-Surgical 4 South,11.0,11.0,11.0,Actual,0,14
2026-09-29 20:00:00,4452986337,Medical-Surgical 4 South,10.0,10.0,10.0,Actual,0,14
2026-09-29 21:00:00,4452986337,Medical-Surgical 4 South,13.0,13.0,13.0,Actual,0,14
2026-09-29 22:00:00,4452986337,Medical-Surgical 4 South,13.0,13.0,13.0,Actual,0,14
2026-09-29 23:00:00,4452986337,Medical-Surgical 4 South,13.0,13.0,13.0,Actual,0,14
2026-09-30 00:00:00,4452986337,Medical-Surgical 4 South,12.0,12.0,12.0,Actual,0,14
2026-09-30 01:00:00,4452986337,Medical-Surgical 4 South,13.0,13.0,13.0,Actual,0,14
2026-09-30 02:00:00,4452986337,Medical-Surgical 4 South,9.0,9.0,9.0,Actual,0,14
2026-09-30 03:00:00,4452986337,Medical-Surgical 4 South,13.0,13.0,13.0,Actual,0,14
2026-09-30 04:00:00,4452986337,Medical-Surgical 4 South,13.0,13.0,13.0,Actual,0,14
2026-09-30 05:00:00,4452986337,Medical-Surgical 4 South,11.0,11.0,11.0,Actual,0,14
2026-09-30 06:00:00,4452986337,Medical-Surgical 4 South,14.0,14.0,14.0,Actual,0,14
2026-09-30 07:00:00,4452986337,Medical-Surgical 4 South,14.0,14.0,14.0,Actual,0,14
2026-09-30 08:00:00,4452986337,Medical-Surgical 4 South,14.0,14.0,14.0,Actual,0,14
2026-09-30 09:00:00,4452986337,Medical-Surgical 4 South,9.0,9.0,9.0,Actual,0,14
2026-09-30 10:00:00,4452986337,Medical-Surgical 4 South,13.0,13.0,13.0,Actual,0,14
2026-09-30 11:00:00,4452986337,Medical-Surgical 4 South,14.0,14.0,14.0,Actual,0,14
2026-09-30 12:00:00,4452986337,Medical-Surgical 4 South,14.0,14.0,14.0,Actual,0,14
2026-09-30 13:00:00,4452986337,Medical-Surgical 4 South,10.0,10.0,10.0,Actual,0,14
2026-09-30 14:00:00,4452986337,Medical-Surgical 4 South,11.0,11.0,11.0,Actual,0,14
2026-09-30 15:00:00,4452986337,Medical-Surgical 4 South,12.0,12.0,12.0,Actual,0,14
2026-09-30 16:00:00,4452986337,Medical-Surgical 4 South,13.0,13.0,13.0,Actual,0,14
2026-09-30 17:00:00,4452986337,Medical-Surgical 4 South,13.0,13.0,13.0,Actual,0,14
2026-09-30 18:00:00,4452986337,Medical-Surgical 4 South,13.0,13.0,13.0,Actual,0,14
2026-09-30 19:00:00,4452986337,Medical-Surgical 4 South,13.0,13.0,13.0,Actual,0,14
2026-09-30 20:00:00,4452986337,Medical-Surgical 4 South,13.0,13.0,13.0,Actual,0,14
2026-09-30 21:00:00,4452986337,Medical-Surgical 4 South,13.0,13.0,13.0,Actual,0,14
2026-09-30 22:00:00,4452986337,Medical-Surgical 4 South,12.0,12.0,12.0,Actual,0,14
2026-09-30 23:00:00,4452986337,Medical-Surgical 4 South,14.0,14.0,14.0,Actual,0,14
2026-10-01 00:00:00,4452986337,Medical-Surgical 4 South,13.0,13.0,13.0,Actual,0,14
2026-10-01 01:00:00,4452986337,Medical-Surgical 4 South,13.0,13.0,13.0,Actual,0,14
2026-10-01 02:00:00,4452986337,Medical-Surgical 4 South,13.0,13.0,13.0,Actual,0,14
2026-10-01 03:00:00,4452986337,Medical-Surgical 4 South,13.0,13.0,13.0,Actual,0,14
2026-10-01 04:00:00,4452986337,Medical-Surgical 4 South,14.0,14.0,14.0,Actual,0,14
2026-10-01 05:00:00,4452986337,Medical-Surgical 4 South,14.0,14.0,14.0,Actual,0,14
2026-10-01 06:00:00,4452986337,Medical-Surgical 4 South,12.0,12.0,12.0,Actual,0,14
2026-10-01 07:00:00,4452986337,Medical-Surgical 4 South,12.0,12.0,12.0,Actual,0,14
2026-10-01 08:00:00,4452986337,Medical-Surgical 4 South,10.0,10.0,10.0,Actual,0,14
2026-10-01 09:00:00,4452986337,Medical-Surgical 4 South,13.0,13.0,13.0,Actual,0,14
2026-10-01 10:00:00,4452986337,Medical-Surgical 4 South,14.0,14.0,14.0,Actual,0,14
2026-10-01 11:00:00,4452986337,Medical-Surgical 4 South,14.0,14.0,14.0,Actual,0,14
2026-10-01 12:00:00,4452986337,Medical-Surgical 4 South,12.0,12.0,12.0,Actual,0,14
2026-10-01 13:00:00,4452986337,Medical-Surgical 4 South,11.0,11.0,11.0,Actual,0,14
2026-10-01 14:00:00,4452986337,Medical-Surgical 4 South,12.0,12.0,12.0,Actual,0,14
2026-10-01 15:00:00,4452986337,Medical-Surgical 4 South,9.0,9.0,9.0,Actual,0,14
2026-10-01 16:00:00,4452986337,Medical-Surgical 4 South,10.0,10.0,10.0,Actual,0,14
2026-10-01 17:00:00,4452986337,Medical-Surgical 4 South,12.0,12.0,12.0,Actual,0,14
2026-10-01 18:00:00,4452986337,Medical-Surgical 4 South,13.0,13.0,13.0,Actual,0,14
2026-10-01 19:00:00,4452986337,Medical-Surgical 4 South,13.0,13.0,13.0,Actual,0,14
2026-10-01 20:00:00,4452986337,Medical-Surgical 4 South,11.0,11.0,11.0,Actual,0,14
2026-10-01 21:00:00,4452986337,Medical-Surgical 4 South,13.0,13.0,13.0,Actual,0,14
2026-10-01 22:00:00,4452986337,Medical-Surgical 4 South,11.0,11.0,11.0,Actual,0,14
2026-10-01 23:00:00,4452986337,Medical-Surgical 4 South,14.0,14.0,14.0,Actual,0,14
2026-10-02 00:00:00,4452986337,Medical-Surgical 4 South,13.0,13.0,13.0,Actual,0,14
2026-10-02 01:00:00,4452986337,Medical-Surgical 4 South,12.0,12.0,12.0,Actual,0,14
2026-10-02 02:00:00,4452986337,Medical-Surgical 4 South,13.0,13.0,13.0,Actual,0,14
2026-10-02 03:00:00,4452986337,Medical-Surgical 4 South,13.0,13.0,13.0,Actual,0,14
2026-10-02 04:00:00,4452986337,Medical-Surgical 4 South,14.0,14.0,14.0,Actual,0,14
2026-10-02 05:00:00,4452986337,Medical-Surgical 4 South,12.0,12.0,12.0,Actual,0,14
2026-10-02 06:00:00,4452986337,Medical-Surgical 4 South,11.0,11.0,11.0,Actual,0,14
2026-10-02 07:00:00,4452986337,Medical-Surgical 4 South,14.0,14.0,14.0,Actual,0,14
2026-10-02 08:00:00,4452986337,Medical-Surgical 4 South,12.0,12.0,12.0,Actual,0,14
2026-10-02 09:00:00,4452986337,Medical-Surgical 4 South,13.0,13.0,13.0,Actual,0,14
2026-10-02 10:00:00,4452986337,Medical-Surgical 4 South,12.0,12.0,12.0,Actual,0,14
2026-10-02 11:00:00,4452986337,Medical-Surgical 4 South,12.0,12.0,12.0,Actual,0,14
2026-10-02 12:00:00,4452986337,Medical-Surgical 4 South,11.0,11.0,11.0,Actual,0,14
2026-10-02 13:00:00,4452986337,Medical-Surgical 4 South,14.0,14.0,14.0,Actual,0,14
2026-10-02 14:00:00,4452986337,Medical-Surgical 4 South,13.0,13.0,13.0,Actual,0,14
2026-10-02 15:00:00,4452986337,Medical-Surgical 4 South,12.0,12.0,12.0,Actual,0,14
2026-10-02 16:00:00,4452986337,Medical-Surgical 4 South,13.0,13.0,13.0,Actual,0,14
2026-10-02 17:00:00,4452986337,Medical-Surgical 4 South,10.0,10.0,10.0,Actual,0,14
2026-10-02 18:00:00,4452986337,Medical-Surgical 4 South,11.0,11.0,11.0,Actual,0,14
2026-10-02 19:00:00,4452986337,Medical-Surgical 4 South,13.0,13.0,13.0,Actual,0,14
2026-10-02 20:00:00,4452986337,Medical-Surgical 4 South,13.0,13.0,13.0,Actual,0,14
2026-10-02 21:00:00,4452986337,Medical-Surgical 4 South,13.0,13.0,13.0,Actual,0,14
2026-10-02 22:00:00,4452986337,Medical-Surgical 4 South,14.0,14.0,14.0,Actual,0,14
2026-10-02 23:00:00,4452986337,Medical-Surgical 4 South,11.0,11.0,11.0,Actual,0,14
2026-10-03 00:00:00,4452986337,Medical-Surgical 4 South,10.0,10.0,10.0,Actual,0,14
2026-10-03 01:00:00,4452986337,Medical-Surgical 4 South,11.0,11.0,11.0,Actual,0,14
2026-10-03 02:00:00,4452986337,Medical-Surgical 4 South,13.0,13.0,13.0,Actual,0,14
2026-10-03 03:00:00,4452986337,Medical-Surgical 4 South,13.0,13.0,13.0,Actual,0,14
2026-10-03 04:00:00,4452986337,Medical-Surgical 4 South,13.0,13.0,13.0,Actual,0,14
2026-10-03 05:00:00,4452986337,Medical-Surgical 4 South,14.0,14.0,14.0,Actual,0,14
2026-10-03 06:00:00,4452986337,Medical-Surgical 4 South,12.0,12.0,12.0,Actual,0,14
2026-10-03 07:00:00,4452986337,Medical-Surgical 4 South,11.0,11.0,11.0,Actual,0,14
2026-10-03 08:00:00,4452986337,Medical-Surgical 4 South,13.0,13.0,13.0,Actual,0,14
2026-10-03 09:00:00,4452986337,Medical-Surgical 4 South,11.0,11.0,11.0,Actual,0,14
2026-10-03 10:00:00,4452986337,Medical-Surgical 4 South,12.0,12.0,12.0,Actual,0,14
2026-10-03 11:00:00,4452986337,Medical-Surgical 4 South,13.0,13.0,13.0,Actual,0,14
2026-10-03 12:00:00,4452986337,Medical-Surgical 4 South,13.0,13.0,13.0,Actual,0,14
2026-10-03 13:00:00,4452986337,Medical-Surgical 4 South,12.0,12.0,12.0,Actual,0,14
2026-10-03 14:00:00,4452986337,Medical-Surgical 4 South,11.0,11.0,11.0,Actual,0,14
2026-10-03 15:00:00,4452986337,Medical-Surgical 4 South,14.0,14.0,14.0,Actual,0,14
2026-10-03 16:00:00,4452986337,Medical-Surgical 4 South,11.0,11.0,11.0,Actual,0,14
2026-10-03 17:00:00,4452986337,Medical-Surgical 4 South,11.0,11.0,11.0,Actual,0,14
2026-10-03 18:00:00,4452986337,Medical-Surgical 4 South,13.0,13.0,13.0,Actual,0,14
2026-10-03 19:00:00,4452986337,Medical-Surgical 4 South,13.0,13.0,13.0,Actual,0,14
2026-10-03 20:00:00,4452986337,Medical-Surgical 4 South,13.0,13.0,13.0,Actual,0,14
2026-10-03 21:00:00,4452986337,Medical-Surgical 4 South,10.0,10.0,10.0,Actual,0,14
2026-10-03 22:00:00,4452986337,Medical-Surgical 4 South,11.0,11.0,11.0,Actual,0,14
2026-10-03 23:00:00,4452986337,Medical-Surgical 4 South,13.0,13.0,13.0,Actual,0,14
2026-10-04 00:00:00,4452986337,Medical-Surgical 4 South,11.0,11.0,11.0,Actual,0,14
2026-10-04 01:00:00,4452986337,Medical-Surgical 4 South,12.0,12.0,12.0,Actual,0,14
2026-10-04 02:00:00,4452986337,Medical-Surgical 4 South,11.0,11.0,11.0,Actual,0,14
2026-10-04 03:00:00,4452986337,Medical-Surgical 4 South,13.0,13.0,13.0,Actual,0,14
2026-10-04 04:00:00,4452986337,Medical-Surgical 4 South,12.0,12.0,12.0,Actual,0,14
2026-10-04 05:00:00,4452986337,Medical-Surgical 4 South,10.0,10.0,10.0,Actual,0,14
2026-10-04 06:00:00,4452986337,Medical-Surgical 4 South,14.0,14.0,14.0,Actual,0,14
2026-10-04 07:00:00,4452986337,Medical-Surgical 4 South,13.0,13.0,13.0,Actual,0,14
2026-10-04 08:00:00,4452986337,Medical-Surgical 4 South,9.0,9.0,9.0,Actual,0,14
2026-10-04 09:00:00,4452986337,Medical-Surgical 4 South,13.0,13.0,13.0,Actual,0,14
2026-10-04 10:00:00,4452986337,Medical-Surgical 4 South,11.0,11.0,11.0,Actual,0,14
2026-10-04 11:00:00,4452986337,Medical-Surgical 4 South,13.0,13.0,13.0,Actual,0,14
2026-10-04 12:00:00,4452986337,Medical-Surgical 4 South,13.0,13.0,13.0,Actual,0,14
2026-10-04 13:00:00,4452986337,Medical-Surgical 4 South,13.0,13.0,13.0,Actual,0,14
2026-10-04 14:00:00,4452986337,Medical-Surgical 4 South,13.0,13.0,13.0,Actual,0,14
2026-10-04 15:00:00,4452986337,Medical-Surgical 4 South,13.0,13.0,13.0,Actual,0,14
2026-10-04 16:00:00,4452986337,Medical-Surgical 4 South,12.0,12.0,12.0,Actual,0,14
2026-10-04 17:00:00,4452986337,Medical-Surgical 4 South,14.0,14.0,14.0,Actual,0,14
2026-10-04 18:00:00,4452986337,Medical-Surgical 4 South,13.0,13.0,13.0,Actual,0,14
2026-10-04 19:00:00,4452986337,Medical-Surgical 4 South,13.0,13.0,13.0,Actual,0,14
2026-10-04 20:00:00,4452986337,Medical-Surgical 4 South,12.0,12.0,12.0,Actual,0,14
2026-10-04 21:00:00,4452986337,Medical-Surgical 4 South,13.0,13.0,13.0,Actual,0,14
2026-10-04 22:00:00,4452986337,Medical-Surgical 4 South,13.0,13.0,13.0,Actual,0,14
2026-10-04 23:00:00,4452986337,Medical-Surgical 4 South,12.0,12.0,12.0,Actual,0,14
2026-10-05 00:00:00,4452986337,Medical-Surgical 4 South,14.0,14.0,14.0,Actual,0,14
2026-10-05 01:00:00,4452986337,Medical-Surgical 4 South,13.0,13.0,13.0,Actual,0,14
2026-10-05 02:00:00,4452986337,Medical-Surgical 4 South,13.0,13.0,13.0,Actual,0,14
2026-10-05 03:00:00,4452986337,Medical-Surgical 4 South,11.0,11.0,11.0,Actual,0,14
2026-10-05 04:00:00,4452986337,Medical-Surgical 4 South,13.0,13.0,13.0,Actual,0,14
2026-10-05 05:00:00,4452986337,Medical-Surgical 4 South,12.0,12.0,12.0,Actual,0,14
2026-10-05 06:00:00,4452986337,Medical-Surgical 4 South,13.0,13.0,13.0,Actual,0,14
2026-10-05 07:00:00,4452986337,Medical-Surgical 4 South,12.0,12.0,12.0,Actual,0,14
2026-10-05 08:00:00,4452986337,Medical-Surgical 4 South,12.0,12.0,12.0,Actual,0,14
2026-10-05 09:00:00,4452986337,Medical-Surgical 4 South,13.0,13.0,13.0,Actual,0,14
2026-10-05 10:00:00,4452986337,Medical-Surgical 4 South,14.0,14.0,14.0,Actual,0,14
2026-10-05 11:00:00,4452986337,Medical-Surgical 4 South,14.0,14.0,14.0,Actual,0,14
2026-10-05 12:00:00,4452986337,Medical-Surgical 4 South,13.0,13.0,13.0,Actual,0,14
2026-10-05 13:00:00,4452986337,Medical-Surgical 4 South,14.0,14.0,14.0,Actual,0,14
2026-10-05 14:00:00,4452986337,Medical-Surgical 4 South,14.0,14.0,14.0,Actual,0,14
2026-10-05 15:00:00,4452986337,Medical-Surgical 4 South,13.0,13.0,13.0,Actual,0,14
2026-10-05 16:00:00,4452986337,Medical-Surgical 4 South,11.0,11.0,11.0,Actual,0,14
2026-10-05 17:00:00,4452986337,Medical-Surgical 4 South,11.0,11.0,11.0,Actual,0,14
2026-10-05 18:00:00,4452986337,Medical-Surgical 4 South,10.0,10.0,10.0,Actual,0,14
2026-10-05 19:00:00,4452986337,Medical-Surgical 4 South,11.0,11.0,11.0,Actual,0,14
2026-10-05 20:00:00,4452986337,Medical-Surgical 4 South,9.0,9.0,9.0,Actual,0,14
2026-10-05 21:00:00,4452986337,Medical-Surgical 4 South,11.0,11.0,11.0,Actual,0,14
2026-10-05 22:00:00,4452986337,Medical-Surgical 4 South,11.0,11.0,11.0,Actual,0,14
2026-10-05 23:00:00,4452986337,Medical-Surgical 4 South,11.0,11.0,11.0,Actual,0,14
2026-10-06 00:00:00,4452986337,Medical-Surgical 4 South,13.0,13.0,13.0,Actual,0,14
2026-10-06 01:00:00,4452986337,Medical-Surgical 4 South,13.0,13.0,13.0,Actual,0,14
2026-10-06 02:00:00,4452986337,Medical-Surgical 4 South,13.0,13.0,13.0,Actual,0,14
2026-10-06 03:00:00,4452986337,Medical-Surgical 4 South,12.0,12.0,12.0,Actual,0,14
2026-10-06 04:00:00,4452986337,Medical-Surgical 4 South,13.0,13.0,13.0,Actual,0,14
2026-10-06 05:00:00,4452986337,Medical-Surgical 4 South,13.0,13.0,13.0,Actual,0,14
2026-10-06 06:00:00,4452986337,Medical-Surgical 4 South,14.0,14.0,14.0,Actual,0,14
2026-10-06 07:00:00,4452986337,Medical-Surgical 4 South,13.0,13.0,13.0,Actual,0,14
2026-10-06 08:00:00,4452986337,Medical-Surgical 4 South,12.0,12.0,12.0,Actual,0,14
2026-10-06 09:00:00,4452986337,Medical-Surgical 4 South,13.0,13.0,13.0,Actual,0,14
2026-10-06 10:00:00,4452986337,Medical-Surgical 4 South,12.0,12.0,12.0,Actual,0,14
2026-10-06 11:00:00,4452986337,Medical-Surgical 4 South,13.0,13.0,13.0,Actual,0,14
2026-10-06 12:00:00,4452986337,Medical-Surgical 4 South,14.0,14.0,14.0,Actual,0,14
2026-10-06 13:00:00,4452986337,Medical-Surgical 4 South,14.0,14.0,14.0,Actual,0,14
2026-10-06 14:00:00,4452986337,Medical-Surgical 4 South,13.0,13.0,13.0,Actual,0,14
2026-10-06 15:00:00,4452986337,Medical-Surgical 4 South,14.0,14.0,14.0,Actual,0,14
2026-10-06 16:00:00,4452986337,Medical-Surgical 4 South,13.0,13.0,13.0,Actual,0,14
2026-10-06 17:00:00,4452986337,Medical-Surgical 4 South,14.0,14.0,14.0,Actual,0,14
2026-10-06 18:00:00,4452986337,Medical-Surgical 4 South,9.0,9.0,9.0,Actual,0,14
2026-10-06 19:00:00,705089,Medical-Surgical 3 North,13.1,12.2,14.0,Forecast,1,17
2026-10-06 20:00:00,705089,Medical-Surgical 3 North,12.7,11.2,14.2,Forecast,2,17
2026-10-06 21:00:00,705089,Medical-Surgical 3 North,13.0,11.1,14.9,Forecast,3,17
2026-10-06 22:00:00,705089,Medical-Surgical 3 North,12.6,10.6,14.6,Forecast,4,17
2026-10-07 06:00:00,705089,Medical-Surgical 3 North,14.9,12.4,17.0,Forecast,12,17
2026-10-07 18:00:00,705089,Medical-Surgical 3 North,13.5,11.1,15.9,Forecast,24,17
2026-10-08 18:00:00,705089,Medical-Surgical 3 North,14.1,11.7,16.5,Forecast,48,17
2026-10-09 18:00:00,705089,Medical-Surgical 3 North,14.0,11.6,16.4,Forecast,72,17
2026-10-06 19:00:00,705090,Telemetry 4 East,22.9,21.5,24.3,Forecast,1,34
2026-10-06 20:00:00,705090,Telemetry 4 East,21.9,19.6,24.2,Forecast,2,34
2026-10-06 21:00:00,705090,Telemetry 4 East,21.9,19.0,24.8,Forecast,3,34
2026-10-06 22:00:00,705090,Telemetry 4 East,20.6,17.1,24.1,Forecast,4,34
2026-10-07 06:00:00,705090,Telemetry 4 East,27.3,22.5,32.1,Forecast,12,34
2026-10-07 18:00:00,705090,Telemetry 4 East,24.1,19.0,29.2,Forecast,24,34
2026-10-08 18:00:00,705090,Telemetry 4 East,24.8,18.8,30.8,Forecast,48,34
2026-10-09 18:00:00,705090,Telemetry 4 East,26.3,20.4,32.2,Forecast,72,34
2026-10-06 19:00:00,705091,Cardiac Stepdown,16.8,16.0,17.6,Forecast,1,20
2026-10-06 20:00:00,705091,Cardiac Stepdown,16.2,14.7,17.7,Forecast,2,20
2026-10-06 21:00:00,705091,Cardiac Stepdown,16.4,14.7,18.1,Forecast,3,20
2026-10-06 22:00:00,705091,Cardiac Stepdown,15.6,13.7,17.5,Forecast,4,20
2026-10-07 06:00:00,705091,Cardiac Stepdown,18.5,16.5,20.0,Forecast,12,20
2026-10-07 18:00:00,705091,Cardiac Stepdown,16.7,14.7,18.7,Forecast,24,20
2026-10-08 18:00:00,705091,Cardiac Stepdown,16.9,14.9,18.9,Forecast,48,20
2026-10-09 18:00:00,705091,Cardiac Stepdown,16.9,14.9,18.9,Forecast,72,20
2026-10-06 19:00:00,705092,Oncology 5 South,10.0,9.2,10.8,Forecast,1,12
2026-10-06 20:00:00,705092,Oncology 5 South,9.5,8.0,11.0,Forecast,2,12
2026-10-06 21:00:00,705092,Oncology 5 South,9.1,7.3,10.9,Forecast,3,12
2026-10-06 22:00:00,705092,Oncology 5 South,9.4,7.6,11.2,Forecast,4,12
2026-10-07 06:00:00,705092,Oncology 5 South,10.6,8.6,12.0,Forecast,12,12
2026-10-07 18:00:00,705092,Oncology 5 South,9.5,7.6,11.4,Forecast,24,12
2026-10-08 18:00:00,705092,Oncology 5 South,9.8,7.8,11.8,Forecast,48,12
2026-10-09 18:00:00,705092,Oncology 5 South,9.7,8.1,11.3,Forecast,72,12
2026-10-06 19:00:00,21334825,Surgical 2 West,10.7,9.9,11.5,Forecast,1,13
2026-10-06 20:00:00,21334825,Surgical 2 West,10.4,9.1,11.7,Forecast,2,13
2026-10-06 21:00:00,21334825,Surgical 2 West,10.2,8.7,11.7,Forecast,3,13
2026-10-06 22:00:00,21334825,Surgical 2 West,10.4,8.8,12.0,Forecast,4,13
2026-10-07 06:00:00,21334825,Surgical 2 West,11.9,10.2,13.0,Forecast,12,13
2026-10-07 18:00:00,21334825,Surgical 2 West,10.7,8.6,12.8,Forecast,24,13
2026-10-08 18:00:00,21334825,Surgical 2 West,10.6,8.9,12.3,Forecast,48,13
2026-10-09 18:00:00,21334825,Surgical 2 West,11.3,9.2,13.0,Forecast,72,13
2026-10-06 19:00:00,21336305,Orthopedic 6 North,11.5,10.7,12.3,Forecast,1,13
2026-10-06 20:00:00,21336305,Orthopedic 6 North,11.3,10.1,12.5,Forecast,2,13
2026-10-06 21:00:00,21336305,Orthopedic 6 North,11.1,9.7,12.5,Forecast,3,13
2026-10-06 22:00:00,21336305,Orthopedic 6 North,11.0,9.6,12.4,Forecast,4,13
2026-10-07 06:00:00,21336305,Orthopedic 6 North,12.8,11.3,13.0,Forecast,12,13
2026-10-07 18:00:00,21336305,Orthopedic 6 North,11.4,9.8,13.0,Forecast,24,13
2026-10-08 18:00:00,21336305,Orthopedic 6 North,11.0,9.4,12.6,Forecast,48,13
2026-10-09 18:00:00,21336305,Orthopedic 6 North,11.0,9.5,12.5,Forecast,72,13
2026-10-06 19:00:00,97635816,Progressive Care,8.8,8.0,9.6,Forecast,1,11
2026-10-06 20:00:00,97635816,Progressive Care,8.8,7.7,9.9,Forecast,2,11
2026-10-06 21:00:00,97635816,Progressive Care,8.2,6.9,9.5,Forecast,3,11
2026-10-06 22:00:00,97635816,Progressive Care,8.3,6.9,9.7,Forecast,4,11
2026-10-07 06:00:00,97635816,Progressive Care,9.8,8.2,11.0,Forecast,12,11
2026-10-07 18:00:00,97635816,Progressive Care,9.0,7.5,10.5,Forecast,24,11
2026-10-08 18:00:00,97635816,Progressive Care,9.0,7.4,10.6,Forecast,48,11
2026-10-09 18:00:00,97635816,Progressive Care,9.1,7.7,10.5,Forecast,72,11
2026-10-06 19:00:00,1775257343,Neuro Stepdown,17.7,16.7,18.7,Forecast,1,20
2026-10-06 20:00:00,1775257343,Neuro Stepdown,17.1,15.4,18.8,Forecast,2,20
2026-10-06 21:00:00,1775257343,Neuro Stepdown,17.7,15.7,19.7,Forecast,3,20
2026-10-06 22:00:00,1775257343,Neuro Stepdown,17.5,15.3,19.7,Forecast,4,20
2026-10-07 06:00:00,1775257343,Neuro Stepdown,19.5,17.1,20.0,Forecast,12,20
2026-10-07 18:00:00,1775257343,Neuro Stepdown,16.6,14.3,18.9,Forecast,24,20
2026-10-08 18:00:00,1775257343,Neuro Stepdown,16.8,14.3,19.3,Forecast,48,20
2026-10-09 18:00:00,1775257343,Neuro Stepdown,15.7,13.2,18.2,Forecast,72,20
2026-10-06 19:00:00,4452986337,Medical-Surgical 4 South,7.6,6.6,8.6,Forecast,1,14
2026-10-06 20:00:00,4452986337,Medical-Surgical 4 South,7.8,6.2,9.4,Forecast,2,14
2026-10-06 21:00:00,4452986337,Medical-Surgical 4 South,7.5,5.6,9.4,Forecast,3,14
2026-10-06 22:00:00,4452986337,Medical-Surgical 4 South,8.0,5.9,10.1,Forecast,4,14
2026-10-07 06:00:00,4452986337,Medical-Surgical 4 South,10.6,8.3,12.9,Forecast,12,14
2026-10-07 18:00:00,4452986337,Medical-Surgical 4 South,10.2,7.9,12.5,Forecast,24,14
2026-10-08 18:00:00,4452986337,Medical-Surgical 4 South,11.4,9.1,13.7,Forecast,48,14
2026-10-09 18:00:00,4452986337,Medical-Surgical 4 South,11.2,8.9,13.5,Forecast,72,14
